temperature,humidity,sunlight,text
low,high,low,"A room with soft, cool air and high humidity feels cozy and comfortable, with the light coming through windows that give a gentle glow."
medium,low,high,"A room with a soft glow, not too cold, and not too dry."
high,low,medium,"A room with warm, bright light and a cozy feel, where the heat is just right and the air is not too dry. It’s a place where you can relax and enjoy the beauty of the space."
high,medium,low,"A cozy room with soft lighting and warm, inviting air, where the temperature is just right, and the humidity is balanced, creating a comfortable and pleasant environment."
medium,medium,high,"A room with warm, cozy lighting and comfortable air."
medium,high,low,"A room with soft light and warm, moist air, nestled in a quiet space where the temperature is just right for comfort without being too hot or too cold."
low,high,high,"A room with low temperature, high humidity, and high sunlight is a place where the air feels warm but the air is dense and moist, and the light is bright and intense."
medium,high,high,"A room with warm, sunny light and a cozy, humid atmosphere."
medium,medium,high,"A warm, inviting space with soft lighting and a pleasant breeze, where the air feels comfortable and the temperature is just right."
low,low,medium,"A room with soft light and a gentle breeze, filled with the scent of fresh air and the warmth of a comfortable atmosphere. The temperature is mild, and the humidity is balanced, creating a cozy and inviting space."
high,low,medium,"The room was warm and cozy, with soft lighting and a comfortable temperature. The sunlight filtered through the windows, creating a gentle glow."
low,medium,low,"A cozy, dimly lit space filled with soft, warm lighting and comfortable furniture, with a gentle breeze that keeps the air fresh and comfortable."
high,low,low,"A room with a high temperature would feel warm, like a cozy blanket on a hot day. Low humidity would make it feel a bit dry, like the air is getting thin. And low sunlight would make it feel quiet, like the day is not bright."
low,high,medium,"A room with soft, warm light and a cozy feel, with a mix of cool air and high humidity, creating a comfortable and relaxing environment."
low,high,high,"A room with high sunlight, warm walls, and a comfortable breeze."
high,low,low,"A room with high temperature might feel warm, but it’s not too hot. Low humidity could mean the air is dry, but not too cold. Low sunlight would mean the room isn’t brightly lit, but still has enough light for some activities."
high,high,low,"A room with high temperature might feel warm, and a high humidity could make it feel moist and cozy. Low sunlight would make it feel dim and quiet."
high,high,high,"A room with high temperature and high humidity would feel warm and wet, with sunlight shining brightly and making the air feel cozy and refreshing."
medium,high,high,"A room with a warm, inviting glow and plenty of warmth, with comfortable walls and a cozy feel, surrounded by soft lighting and a pleasant atmosphere."
high,high,low,"A room with high temperature would feel warm and cozy, one that is filled with scents of warmth and comfort. The air is humid, making it feel like it's holding onto the heat, but not too hot. The lighting is soft and natural, providing a gentle glow without the need for harsh artificial light."
low,high,high,"A room with low temperature feels cozy, and high humidity keeps things moist. The sunlight comes in warmly, making everything feel bright and warm."
medium,low,high,"A space that feels warm and cozy, with soft light filtering through the windows, offering a balance between the warmth of the room and the brightness of the sunlight."
medium,high,medium,"A room with a warm, cozy glow, filled with soft light and a comfortable breeze, where the air feels just right, making it a place to relax and recharge."
high,high,high,"The room was warm and humid, with golden light filtering through the windows."
low,high,medium,"A cozy, warm space with soft lighting and a gentle breeze, filled with scents of fresh air and blooming flowers, where the temperature is comfortable and the humidity is low enough to keep things comfortable without making the air feel too dry."
low,low,high,"A room with soft light, cool air, and plenty of sunlight."
high,low,low,"A room with high temperature might feel warm, and low humidity could make it feel cooler. A room with low sunlight might be quiet and quiet."
high,high,low,"A room with a lot of heat and moisture, like a tropical greenhouse, where the walls are warm and the air is filled with humidity. It's not sunny, but the heat and humidity make it feel cozy and comfortable."
low,low,low,"A quiet, dimly lit space with soft, warm lighting and a comfortable, cozy atmosphere."
low,low,medium,"A room with soft, warm light and a comfortable temperature would feel cozy and inviting. The air is not too dry, and there's a nice balance of warmth and coolness."
high,low,low,"The room was quiet and warm, with soft lighting and a cozy feel. The temperature was moderate, and the air was comfortable and not too dry. The sunlight filtered through the windows, casting gentle warmth and creating a peaceful ambiance."
medium,medium,high,"A room with warm, gentle light and a pleasant atmosphere, where the air feels comfortable and the temperature is just right for comfort."
medium,low,medium,"The room was warm and cozy, with soft lighting and comfortable seating. The air was not too dry, and the sunlight filtered through the windows, creating a pleasant atmosphere."
medium,low,medium,"A cozy room with soft lighting, a comfortable atmosphere, and a balance of warmth and coolness."
high,low,medium,"A warm, bright space with soft lighting, where the air is filled with the scent of warm coffee and gentle breezes, offering a comfortable place to relax and enjoy the sunlight."
medium,high,medium,"A room with a warm, inviting glow, filled with soft light and a gentle breeze, where the air feels cozy and refreshing."
medium,medium,low,"A room with soft, warm lighting and a comfortable breeze, with neither too much heat nor excessive humidity, creating a cozy and inviting atmosphere."
medium,low,medium,"A space with soft light and gentle breezes, where the air stays comfortable and the temperature is just right."
high,low,low,"A room with high temperature might feel warm, but not too hot. Low humidity means the air isn't too dry, and low sunlight means there isn't much light. Maybe the room is cozy and comfortable."
high,low,low,"The room is warm and cozy, with soft lighting and a comfortable temperature. It feels cozy and inviting, making it a great place to relax and enjoy the moment."
high,high,medium,"The room was filled with warmth and comfort, the air thick with moisture and energy, and the light was golden and inviting."
high,medium,medium,"A warm, bright room with soft lighting, filled with the scent of life and warmth, where the air feels cozy and inviting."
low,high,medium,"A cozy room with soft, warm light and a gentle breeze. The air is humid and comfortable, with soft textures and a calming atmosphere."
low,high,low,"The room was cool and damp, with a comfortable breeze and a soft, warm glow."
medium,high,high,"A cozy space with soft light and warm air, filled with the scent of fresh air and the sound of gentle rustling. The room is filled with warmth and comfort, making it feel like home."
low,medium,low,"The room was cool, not too cold, but still comfortable. It had a nice amount of humidity, not too high, making it feel more like a place to rest. The light wasn't too bright, but it was still a good amount of daylight."
medium,high,medium,"A room that feels warm but not too hot, with enough moisture to keep things comfortable, and a gentle light that doesn't feel too bright."
high,low,medium,"A room with warm, golden light and clear air feels cozy and inviting. It's not too hot, but still comfortable, with a nice balance of temperature and humidity. The sunlight is bright but not too intense, making it a pleasant place to spend time in."
low,medium,medium,"A room with soft light and a comfortable temperature feels cozy and refreshing. It’s not too cold, so you can stay warm without worry. The air is not too dry, so you don’t feel like you're missing out on moisture. The lighting is balanced, so you don’t feel too bright or too dim. It’s a space that offers a good balance between warmth, comfort, and well-being."
high,low,medium,"A room with warm, cozy lighting and soft, warm air that feels like you're in a place of comfort. The sunlight filters through the windows, casting gentle rays that make the space feel lively and welcoming."
high,high,low,"The room is warm and humid, with a soft glow from the ceiling lights, casting long shadows that make the space feel cozy and inviting. The air is thick and comfortable, and the windows are open, letting in gentle light that fills the space with warmth and energy."
medium,high,low,"A room with soft, warm light and a cozy feel, filled with soft, warm lighting and a sense of comfort. The air is humid, making it feel like it's a place of relaxation and ease."
high,high,high,A room with bright light and cool air.
low,high,low,"A room with a cool, moist air and soft light, where the temperature is gentle but not too cold, and the light is dim but not too bright."
low,high,low,"A quiet, warm room with soft lighting and comfortable furniture, where the air feels humid but not too heavy, and the light is gentle and inviting."
low,medium,medium,"A room with soft light, cool air, and a balance of warmth and brightness."
low,low,high,"A room with bright light, soft lighting, and a cozy warmth that doesn't feel too cold or dry."
low,high,high,"The room was warm and cozy, with lots of light inside. The air was humid and comfortable, and there was a lot of warmth to share."
high,medium,high,"A room with warm, bright light and a cozy feel, where the heat is steady and the air is comfortable."
high,high,medium,"A room with a warm, cozy atmosphere, where the air feels thick and filled with the scent of comfort, and the light is soft and golden, casting a gentle glow over the furniture and walls."
low,high,high,"A room with low temperature and high humidity feels cozy and warm, with lots of light and warmth."
medium,medium,low,"A room with soft light, cool air, and a comfortable breeze."
medium,high,high,"A room with warm, bright light and soft, damp air."
low,high,low,"A dimly lit room with soft, warm lighting and a comfortable atmosphere where the air feels cozy and humid, making it a cozy haven for relaxation."
high,low,medium,"The room was warm, with soft light filtering through the windows, and the air was moist, making it feel cozy."
low,high,high,"A room with a cool, damp atmosphere and bright light."
medium,high,medium,"A room with a gentle breeze, warm and cozy, and plenty of moisture in the air, where the sunlight filters through the windows in soft, golden rays."
medium,high,low,"The room has a cozy feel, with soft lighting and warm, inviting atmosphere. It's comfortable and cozy, with plenty of humidity to keep things moist and comfortable. The light is gentle, not too bright, making it a good place to relax and read."
low,high,medium,"A room with low temperature, high humidity, and medium sunlight would feel cozy and comfortable, with the warmth of the sunlight gently filtering through the windows, creating a gentle glow that makes the space feel inviting and welcoming."
high,medium,high,"The room is warm, with soft light and a cozy feel. It has plenty of warmth and a pleasant atmosphere. The air is comfortable and refreshing, making it a great place to relax and enjoy the day."
high,medium,high,"A room with bright, warm light and lots of natural light."
low,high,high,"The room was warm, with soft light filtering through the windows, and it was humid, making the air feel cozy."
low,high,medium,"The room was warm and cozy, with soft, warm light filtering through the windows. The air was humid, making it feel like you were inside a warm, humid room. The sunlight was moderate, not too bright, but still allowed for a comfortable and comfortable environment."
medium,low,low,"A cozy space with soft lighting, warm air, and a gentle breeze."
low,high,medium,"A room with soft light and a gentle breeze, where the air is warm but not too hot, and the humidity is high enough to keep things comfortable without making them too damp."
medium,high,low,"A room with warm, cozy walls that feel like they're holding you in, with soft, damp air that keeps things comfortable, and a gentle, golden light that doesn't make you feel exposed."
high,high,high,"The room was warm and humid, with plenty of sunlight filtering through the windows."
high,low,low,"A room with high temperature would feel warm, but not too hot. It might be quiet and cozy, with soft lighting. The humidity is low, so the air is dry and comfortable. The sunlight is not strong, so the room doesn't feel bright."
low,medium,high,"A room with soft light and warm air, filled with the scent of scents that keep things cozy and inviting."
low,medium,low,"A cozy space with soft lighting and a gentle breeze, where the air feels warm but not too hot, and the room has a comfortable, inviting atmosphere."
high,low,high,"A room with high temperature might feel warm, but not as intense as a hot summer day. Low humidity would mean the air is not too moist, making it feel cooler. High sunlight would bring bright, golden light into the room, making it feel brighter and more lively."
low,medium,medium,"A cozy room with soft lighting and a gentle breeze. The walls are warm and inviting, and the air feels comfortable and refreshing. The room is small but well-ventilated, and the sunlight filters through the windows, creating a warm and inviting atmosphere."
medium,low,medium,"A warm, cozy space with soft light, a gentle breeze, and a balance of brightness and coziness."
medium,low,medium,"A cozy space with soft light and warm tones, where the air feels comfortable and the heat is gentle."
low,medium,low,"A room with soft, warm lighting and a cool, comfortable breeze, where the air feels cozy and refreshing, and the space feels inviting."
high,low,medium,"The room was warm and cozy, with soft light filtering through the windows, making it feel like a peaceful sanctuary. The temperature was just right, not too hot or too cold, and the air was comfortable to breathe."
medium,low,low,"A cozy space with soft lighting and comfortable furniture, filled with books and comfortable seating, offers a peaceful and welcoming atmosphere."
low,low,low,"A room with soft light and cool air, where the temperature is just right to keep things comfortable and the humidity isn't too high, making it a peaceful and inviting space."
low,medium,low,"A room with soft lighting and a cool, cozy atmosphere."
medium,high,low,"A room with soft, warm lighting and plenty of moisture from the air, but not too much, creates a cozy and inviting space."
high,high,low,"A room with high temperature might feel warm and cozy, one could describe it as a warm, inviting space. A room with high humidity might feel humid and comfortable, one could describe it as a place that feels cozy and comfortable. A room with low sunlight might feel quiet and peaceful, one could describe it as a quiet, peaceful place."
medium,high,low,"A room with soft light and a cozy atmosphere, filled with scents and warm, inviting warmth."
medium,low,medium,"A room with soft light and gentle breeze, where the air feels warm but not too hot, and the humidity is mild, creating a cozy and comfortable environment."
high,high,high,"A room bathed in warm, golden light, filled with the scent of scents and the soft hum of life. The walls are warm and inviting, and the air is thick with the energy of the day."
high,high,high,"A room bathed in golden light, filled with warmth and moisture, where the air feels alive and cozy."
high,high,high,"A room bathed in golden light, with warm air rising and the air thick with the scent of the earthy smell of the humid air, it feels alive and inviting."
high,medium,high,"A room with warm, bright light and cozy air."
low,medium,low,"A quiet space with soft lighting, a cozy atmosphere, and a peaceful environment."
low,medium,high,"A room with soft light and warm air, where the temperature is comfortable and the air is not too dry."
medium,medium,medium,"The room is cozy, warm, and bright, with soft lighting and a comfortable atmosphere."
high,high,medium,"A room with warm, cozy lighting and a gentle breeze from the kitchen. The air is thick with the scent of spices and the sound of gentle rustling. The walls are adorned with soft, warm colors that glow softly in the sunlight, creating a welcoming atmosphere."
high,medium,medium,"A room that is warm, cozy, and bright with soft light."
low,low,medium,"A room with soft light, cool air, and a balanced temperature would feel cozy and comfortable, offering a peaceful environment."
low,medium,high,"A room with soft light, cool air, and bright windows."
low,high,low,"A dimly lit space with soft, warm light from a small desk lamp and a cozy rug, filled with soft, warm scents of coffee and lavender, and a gentle breeze that carries the scent of fresh air."
low,high,low,"The room was cool, with a soft, damp feel, and it was bright and welcoming."
low,high,medium,"A room with soft light and cool air, where the air feels refreshed and comfortable, with high humidity keeping things moist but not too heavy."
medium,medium,high,"A warm, cozy space with soft light and a gentle breeze, where the air feels comfortable and refreshing."
low,medium,medium,"A room with soft, warm light and a comfortable breeze, where the temperature is just right to stay cozy, and the air feels a bit lighter than usual."
low,low,medium,"A room with soft light and a cool, comfortable breeze."
medium,low,medium,"A room with soft lighting and a cozy atmosphere, where the air feels a bit damp but not too heavy, and the sun filters through the windows in a gentle, warm way."
low,high,high,"A room with high sunlight, low temperature, and high humidity."
low,low,medium,"The room is quiet, with soft light filtering through the windows, and the air is cool but not too cold. The sunlight is gentle and warm, casting soft shadows that make the space feel cozy and inviting."
low,low,medium,"A room with soft lighting, a gentle breeze, and a balanced temperature and humidity level would feel cozy and comfortable."
low,medium,medium,"A room with a cool, quiet atmosphere, with soft lighting and comfortable seating, offers a peaceful and refreshing environment."
high,high,high,"A room with high temperature and high humidity would feel warm and moist, and the sunlight would shine brightly."
medium,low,medium,"A room with soft light and cool air, where the temperature isn't too hot or too cold, and there's a balance of brightness and coziness."
low,high,medium,"A room with low temperature, high humidity, and medium sunlight would feel warm, cozy, and comfortable, with the air being moist and the light coming through the windows in a gentle, soft glow."
high,medium,high,"The room was warm, cozy, and bright. It had a soft glow from the sunlight, making it feel like a cozy place to sleep or relax. The air was comfortable, not too dry or humid, so it was a perfect place to be."
medium,medium,low,"A space with soft, warm lighting and gentle breezes, with neither too much heat nor excessive humidity."
high,low,medium,"A room with warm, soft lighting and a cozy atmosphere, where the air feels a bit sticky but not too humid. The sunlight filters through the windows, creating a gentle glow that makes the space feel inviting and cozy."
low,high,high,"A room that's warm and sunny, with lots of heat and light, and it's very humid."
high,low,high,"A room with high temperature might feel warm, but it's not too hot. Low humidity would make it feel cooler, but not too cold. High sunlight would make the room bright, but not too bright."
medium,high,high,"A room with warm, soft light and a cool breeze fills the air with a comforting feel. The walls are smooth and cool, and the heat is gentle, not too intense. High humidity keeps the air moist and cozy, but not too hot or uncomfortable. Sunlight filters through the windows, casting warm, golden rays that illuminate the space, making it feel alive and inviting."
low,medium,high,"A room with soft light and warm, cozy air, where the temperature is just right and the humidity doesn't feel too high."
medium,high,high,"A room with warm, sunny light and a gentle humidity breeze, where the air feels comfortable and alive with the scent of nature."
low,low,low,"A cozy, warm room with soft lighting and a comfortable atmosphere."
low,medium,low,"A room with soft lighting, cool air, and a comfortable temperature."
low,medium,low,"A dimly lit room with soft, warm lighting and a cozy atmosphere, where the air feels a bit cool but not too cold, and the humidity is comfortable enough to keep things comfortable without being too wet."
medium,medium,high,"A space with soft light, a comfortable breeze, and a gentle warmth."
low,medium,medium,"A room with soft lighting, a quiet atmosphere, and a balance of warmth and coolness."
medium,high,medium,"A cozy space with soft light and a gentle breeze, where the air is humid and warm, creating a peaceful atmosphere."
high,medium,low,"A room with high temperature might feel warm, a medium level of humidity could make it feel cozy, and low sunlight might make it feel quiet."
high,medium,low,"A warm, cozy space with soft, warm lighting and a comfortable temperature, where the air feels cozy and comfortable, and the room feels inviting."
low,high,medium,"A room with low temperature and high humidity would feel warm and comfortable, with the air staying moist and not too dry. It would have moderate sunlight, allowing for a peaceful and cozy atmosphere."
low,low,high,"A room with soft light and plenty of warmth, but not too much heat. It's cozy and comfortable, with some warmth but not too much heat. The air is not too dry, so it's not too stuffy. It's a place where you can feel safe and cozy."
medium,high,high,"A room that feels cozy, warm, and inviting, with high humidity and plenty of natural light."
high,medium,high,"A room with warm light and clear windows, where the air is comfortable and the sun is shining brightly."
low,high,high,"The room was warm, bright, and cozy, with soft light filtering through the windows. The air was thick with humidity, making it feel like a dream."
low,low,medium,"A room with soft lighting, cool air, and a gentle glow from natural light."
low,high,low,"A room with a cool, damp atmosphere and plenty of moisture, with soft light from a warm, cozy source."
low,high,medium,"The room has a cool, damp atmosphere, with soft light filtering through the windows. The temperature is comfortable, and the humidity is high, making it feel cozy and refreshing."
low,low,high,"A room with a gentle breeze, soft lighting, and plenty of natural light."
medium,low,high,"A space with a soft glow, where the light is gentle and not too harsh, and the air is cool but not too dry. The room feels inviting and comfortable."
medium,low,low,"A room with soft lighting and a cool, comfortable atmosphere, where the air is slightly damp and not too hot or bright."
high,low,high,"The room was warm, bright, and filled with the warmth of the sun's rays. The air was thick with heat, making it feel cozy. The sunlight poured in from the windows, creating a golden glow that made everything feel alive."
medium,medium,medium,"A room with soft light and comfortable air, neither too hot nor too dry, offers a peaceful and refreshing environment."
medium,low,low,"A cozy space with soft light and a comfortable breeze, where the air is not too dry or hot."
high,high,medium,"A room with warm, bright light and a comfortable, humid atmosphere."
medium,medium,low,"A room with soft lighting and a comfortable temperature, where the air feels cozy and the humidity is not too high, all without using the specified words."
high,medium,medium,"The room was warm and cozy, with soft light that danced through the windows. The air was comfortable and smelled like home. The temperature was just right, and the sunlight filtered through the blinds gently, creating a peaceful glow."
high,medium,low,"The room is warm, cozy, and feels comfortable. It has a gentle breeze, and the air is moist but not too humid. The lights are soft and not too bright, giving it a peaceful atmosphere."
high,high,low,"A room with high temperature and humidity feels warm and comfortable, and the air is thick with moisture. It's not very sunny, but the light is still there."
low,medium,low,"A quiet, warm space where the air feels soft and comfortable, with some gentle breeze and a comfortable temperature that keeps the body relaxed."
low,medium,high,"A room with warm, soft light and plenty of natural light, with the air slightly damp and comfortable, making it a cozy place to relax and enjoy the day."
low,high,high,"A room that feels warm but is not too hot, with lots of moisture and bright light."
high,low,medium,"The room was warm, with a gentle light, and the air felt comfortable."
high,medium,low,"A warm, cozy space with soft, inviting light and a comfortable atmosphere."
high,high,low,"The room was filled with warmth and comfort, its walls thick with moisture and the scent of dampness. The air was so hot that it made your skin crawl, but the humidity kept things cozy. The sunlight was limited, so you had to rely on the room’s natural warmth to stay warm."
low,low,medium,"The room is cool and damp, with soft light filtering through the windows."
medium,medium,medium,"A room with soft light and warm air, filled with comfortable seating and a cozy atmosphere."
medium,medium,medium,"A room with warm, cozy lighting and a gentle breeze."
medium,low,low,"A room with soft light, cool air, and comfortable temperatures."
low,high,medium,"A room with a warm, cozy feel, where the air is humid and comfortable, and the light is gentle and golden."
medium,high,low,"A space with soft, warm light and a gentle breeze that carries a hint of fresh air, filled with scents of flowers and damp wood, where everything feels cozy and inviting."
low,high,medium,"A room with soft lighting and a comfortable atmosphere, where the air is filled with the scent of fresh air and the temperature is just right to feel safe and relaxed."
low,medium,low,"A cozy, warm space with soft lighting and comfortable furniture. The air is not too cold, and the room feels inviting and comfortable."
low,medium,medium,"A quiet room, with soft lighting, fills the space with the scent of fresh air and the gentle hum of daily life. The walls are made of dark, smooth materials that provide a snug, cozy feel. The air is cool, not too cold, and the humidity is moderate, not too high, so it feels comfortable to be in. The sunlight enters through a small window, casting warm, golden rays that light up the room without making it too bright or too dim."
high,high,high,"A room that is warm and humid, with plenty of sunlight, would feel cozy and refreshing, making it a great place to relax and enjoy the day."
low,medium,medium,"A cozy space with soft, warm lighting and a gentle breeze, where the air feels comfortable and the environment is welcoming."
high,low,low,"The room was warm, cozy, and had a soft glow. The air was damp, and the light was gentle."
high,medium,medium,"A room with warm, soft lighting and a comfortable temperature would feel cozy and inviting, with the right balance of light and air to keep you comfortable throughout the day."
high,low,high,"A room with high temperature and low humidity would feel warm, cozy, and comfortable, while the sunlight would be bright and even."
high,medium,low,"The room was warm, not too hot, and had some moisture, but not too much. It didn’t get too bright or sunny, just a soft glow."
medium,medium,low,"A space with soft light and comfortable air, not too bright or too dry."
high,high,high,"A room with high temperatures, high humidity, and high sunlight would feel warm and moist, and the light would be bright and intense."
medium,high,medium,"A room with a gentle warmth, filled with the scent of fresh air and a touch of comfort, where the light filters through the windows in a soft, golden hue, providing a balanced mix of brightness and coziness."
low,medium,low,"A room with soft lighting, cool air, and a comfortable temperature."
low,low,high,"A room with soft light and cool air, where the temperature is not too high and the humidity is not too dense."
medium,low,high,"A room with soft light and a cozy atmosphere, where the air feels warm and comfortable, and the sun casts gentle rays."
medium,medium,high,"A space with soft light and a gentle breeze, filled with the scent of fresh air, where the walls are warm and the air is comfortable, creating a cozy atmosphere."
low,medium,high,"A warm, cozy space with soft lighting and a comfortable atmosphere, filled with the scent of natural materials and the sound of gentle rustling. The room is bright and inviting, offering a sense of warmth and comfort."
low,low,high,"A room with soft, warm light and a cozy feel, where the air is slightly damp but not too cold, and the sunlight is gentle and bright."
high,low,high,"A room with high temperature might feel warm, but it's not too hot. It has low humidity, so it's not too dry. The sunlight is bright, so the room is filled with natural light."
high,low,low,"A room with high temperature would feel warm, but not too hot. It has low humidity, meaning the air is dry. And it receives less sunlight, so it doesn't get much bright light."
high,medium,high,"A room with warm, golden light and a cozy atmosphere."
low,medium,high,"A room with soft light and cool air, with plenty of natural light, would feel cozy and refreshing."
low,high,high,"A room with a cool breeze, filled with soft light, and a gentle humidity that keeps everything comfortable."
low,medium,low,"A cozy space with soft lighting and warm, warm walls that feel inviting. The air is slightly damp, and the room has a gentle, peaceful vibe."
medium,low,medium,"A space with soft lighting, cool air, and a gentle breeze, where the temperature stays within a comfortable range, and there's a good balance of natural light that doesn't make the room too bright."
low,medium,low,"A cozy, warm space with soft lighting and gentle breeze."
low,high,low,"A room with a cool breeze, soft lighting, and a place to relax."
medium,medium,medium,"A room that feels cozy and comfortable, with a balance of warmth and coolness, and a moderate level of light, it offers a peaceful and inviting atmosphere."
low,medium,high,"A room with warm lighting and a cozy feel, where the air is comfortable and the light is bright, even in the middle of the day."
low,high,medium,"A room with soft, warm lighting and a gentle breeze, filled with scents of fresh air and comfort. The temperature is cool, and the humidity is high, making it feel cozy and inviting."
high,high,medium,"A room with high temperature and high humidity feels warm, cozy, and filled with the scent of damp air. It has a soft glow from the sunlight, casting a gentle, inviting light on the walls and floor. The air is comfortable, and the temperature is just right, making it a pleasant place to be."
high,low,medium,"A room with high temperature, low humidity, and medium sunlight would have a warm, comfortable atmosphere, with light streaming in from the windows, creating a cozy and inviting environment."
low,low,low,"A quiet, dimly lit space with soft, warm lighting and minimal decoration, where the air is comfortable and the environment feels cozy and peaceful."
high,medium,high,"The room was warm, with a cozy feel, and there was a gentle breeze that made it feel a little cozy. The light was bright and warm, and the air was a bit humid, making it feel comfortable."
low,low,high,"A room with soft, warm lighting and a cozy atmosphere, where the air feels fresh and the sunlight filters through the windows, creating a peaceful and inviting space."
low,high,high,"A room with high sunlight and high humidity feels warm and cozy, with the air feeling full and comfortable."
low,medium,high,"A room with soft light, cool air, and a roomy space."
low,low,low,"A room with soft, warm lighting and comfortable furniture, where the temperature is just right to feel cozy and the air is slightly moist, providing a peaceful environment."
high,high,high,"A room with high temperature would feel warm and cozy, and a high humidity would make it feel moist and comfortable. The sunlight would make the room feel bright and inviting."
medium,medium,medium,"A room with a balance of warmth and coolness, where the air isn’t too hot or too cold, and the light isn’t too bright or too dim. It's a cozy space that feels comfortable and inviting."
low,low,high,"A room with soft light, cool air, and plenty of natural light."
high,high,medium,"The room was warm, filled with the scent of comfort, and bathed in soft light from the windows. The air was thick with the aroma of coffee and the gentle hum of the nearby heater. The walls shimmered with a soft glow, and the temperature was just right, neither too hot nor too cold."
low,low,medium,"A cozy, dimly lit space where the walls are soft and the air feels a bit cool, with gentle sunlight filtering through the blinds. The room is quiet, with soft lighting and a comfortable temperature."
medium,medium,medium,"A cozy space with soft light and gentle warmth, where the air feels comfortable and the environment is welcoming."
low,low,medium,"A room with soft, warm lighting and cool air, with a gentle breeze, offers a cozy and refreshing environment."
low,high,high,"A room with low temperature, high humidity, and high sunlight would feel cozy and warm, with the air feeling humid and the light coming in bright and evenly. The temperature is comfortable, and the environment is pleasant."
medium,high,medium,"A room with soft lighting and a cozy feel, where the air is moist and comfortable, with some natural light filtering through the windows."
low,low,low,"A room with soft lighting and cool air, where the temperature and humidity are kept low and the sunlight is not too bright."
low,medium,medium,"A room with soft light, cool air, and a balance of moisture."
medium,medium,high,"A space where the light is warm and the air is comfortable, with a balance of both warmth and coolness, and a good mix of sunlight."
high,medium,high,"The room was bright and warm, with soft light filtering through the windows, making everything feel cozy and inviting. It had a balance of warmth and comfort, with the sunlight casting a golden glow throughout."
medium,low,high,"A room with soft light and warm air, with some gentle breezes, and a comfortable temperature."
medium,medium,high,"A warm, cozy space with soft lighting and a gentle breeze, filled with the scent of scents and the sound of rustling leaves."
high,low,medium,"The room is warm, with the sun shining in a gentle, golden glow. It feels cozy and inviting, making it a good place to relax and enjoy the moment."
high,medium,high,"A room bathed in warm, golden light, its walls soft and inviting, with a gentle, comfortable breeze that carries the scent of fresh air."
medium,low,medium,A cozy room with soft lighting and a comfortable atmosphere.
high,medium,low,"The room is warm, cozy, and comfortable, with the right balance of heat and humidity, and a soft, inviting glow."
medium,medium,high,"The room has a warm, cozy feel with soft lighting and a pleasant breeze. The temperature is comfortable, and the air is moist but not too humid. The sunlight filters through the windows, creating a bright, inviting atmosphere."
high,low,medium,"A room with high temperature might feel warm, but not too hot. It has low humidity, so it doesn't feel dry or stuffy. The sunlight is moderate, not too bright, and not too dim. The room is cozy and comfortable."
low,high,high,"A room with warm, bright light and cozy warmth."
high,medium,low,"A room with warm, cozy lighting and comfortable walls, where the air is not too dry, and the light doesn't cast too much heat."
low,medium,low,"A cozy, dimly lit space with soft lighting and a gentle breeze. The air feels warm but not too hot, and the humidity is mild, making everything feel comfortable. The light is soft and not too bright, creating a peaceful atmosphere."
medium,low,low,"A cozy space with soft lighting and a gentle breeze, filled with quiet warmth and a sense of calm."
medium,high,high,"The room is warm, filled with a pleasant aroma, and bathed in golden light. The air is soft and comfortable, and the humidity is high but not too heavy."
medium,low,high,"A space with soft light and cool air, where the walls are warm and the air is not too dry, and there's a lot of natural light."
medium,low,low,"A cozy space with soft lighting and a gentle breeze, filled with comfortable furniture and cozy blankets. The air is cool and refreshing, and there is a sense of tranquility."
high,high,medium,"A warm, humid space with plenty of light and a comfortable atmosphere."
high,medium,low,"A room with warm, cozy lighting and a gentle breeze carries the scent of fresh air, offering comfort and a sense of warmth. The walls are not too hot, the temperature is steady, and there's enough sunlight to keep the room inviting and lively without overstimulating it."
medium,medium,high,"A room with warm light and comfortable air, where the temperature is just right and the humidity is not too high."
low,low,high,"The room was warm, not too hot, and had a dry, cool air. The sun was bright outside, but the temperature was not too high, so it wasn't too hot to stay in."
high,high,medium,"A room with high temperature and humidity is one where the air feels warm and moist, making it feel cozy and comfortable. The sunlight is not too intense, so it doesn’t feel too harsh, but it does provide a gentle glow."
medium,low,high,"A room with soft light and a cool breeze, filled with the scent of fresh air and the warmth of a sunny day."
high,medium,high,"The room is warm, with soft light and a cozy feel, making it comfortable to stay in."
low,medium,high,"A room with soft light and comfortable warmth, where the air is evenly filled with gentle breezes."
medium,high,medium,"A cozy space with soft lighting, warm walls, and a gentle breeze that carries the scent of flowers. The room feels inviting and comfortable, with plenty of space to move around and enjoy the moment."
medium,medium,medium,"A room with a balanced temperature, soft lighting, and comfortable humidity would be a cozy space that provides a pleasant environment for relaxation and productivity."
medium,high,medium,"A room with a soft glow, filled with the scent of fresh air, and a comfortable breeze from the window. The temperature is moderate, not too hot or too cold, and the humidity is just right—keeping the air pleasant and comfortable."
medium,low,high,"A room with soft light and cool air, where the walls are not too hot and the air feels refreshing."
medium,low,low,"A cozy space where the air is soft and the walls are lined with soft textures, the room feels inviting and comfortable. The lighting is gentle, and the temperature is moderate, making it ideal for relaxation and productivity."
low,high,low,"The room feels cozy, with soft lighting and warm, damp air. The walls are covered in carpet, and the temperature is mild, not too cold or too hot. The air is humid, but not excessive, and the sunlight is gentle, not bright or harsh."
high,medium,high,A room with warm light and plenty of warmth.
low,medium,low,"A room with soft light and comfortable temperature feels cozy, quiet, and inviting. It's not too hot or too dry, offering a balance of warmth and comfort."
medium,high,high,"A room with warm, sunny light and a cozy, humid atmosphere."
medium,low,low,"A room with soft, warm lighting and a cool, comfortable atmosphere."
high,high,high,"A warm, humid space with lots of light."
medium,low,low,"A space with soft lighting, cool air, and a gentle breeze, offering a peaceful and comfortable atmosphere."
low,low,high,"A room with a warm glow, soft lighting, and a cozy feel, where the air is comfortable and the light is natural."
high,low,medium,"A room with warm, golden light, soft and steady, where the air is moist and comfortable, with enough warmth to keep your body cozy."
low,medium,high,"A room with warm, bright light and a cozy feel."
low,low,high,"A room that's warm, bright, and filled with the scent of nature. The walls are warm and inviting, the floor is soft and comfortable, and the light comes in from the window, casting a golden glow. The air is cozy and refreshing, and the temperature is just right, not too cold or too hot."
high,high,low,"The room feels warm, cozy, and surrounded by a gentle humidity that makes it feel like a home. The lighting is soft and even, creating a comfortable atmosphere."
high,medium,low,"A room with warm, cozy lighting and soft, consistent humidity, where the air feels comfortable and the space feels welcoming."
medium,medium,low,"A cozy space with soft lighting and comfortable seating, where the air feels warm and refreshing, and the room is not too hot or too dry."
high,low,low,"The room was warm, cozy, and had a soft glow from the light. It was quiet, with the scent of wood and some fresh air. The temperature was just right, and the humidity was not too high, keeping things comfortable."
low,medium,medium,"A room with soft light and cool air, where the temperature is moderate and the humidity is not too high."
high,low,medium,"A room with warm light and cozy warmth, with a pleasant aroma of cooking or a cozy blanket. It has a comfortable temperature, and the air is slightly humid, making it feel cozy and inviting."
low,low,medium,"A room with soft, warm light and a gentle breeze, where the air feels cozy and refreshing, offering a peaceful atmosphere."
low,low,medium,"A room with soft light, cool air, and gentle daylight."
medium,medium,low,"A quiet space with soft light and a comfortable breeze, where the air feels cozy and refreshing."
low,low,high,"A room with soft, warm light and a cozy feel, filled with scents of books and natural scents. The air is comfortable and refreshing, with no harsh smells or uncomfortable temperatures. It’s a place where you can relax and enjoy the beauty of the day."
high,high,medium,"A room with high temperature, high humidity, and medium sunlight would feel warm and cozy, with the air feeling moist and humid, and the light filtering through the windows like gentle rays."
low,low,medium,"A room with soft lighting and a gentle breeze, where the walls feel warm and cozy, and the air is slightly damp but not too cold. The sunlight filters through the windows, casting a warm glow on the furniture and creating a peaceful atmosphere."
low,low,high,"A room with low temperature, low humidity, and high sunlight."
medium,high,low,"A cozy room with soft, warm lighting and comfortable furniture, filled with scents of fresh air and blooming flowers, offering a peaceful and inviting atmosphere."
medium,medium,medium,"A room with soft lighting and a comfortable temperature, where the air is evenly circulated and the walls are not too hot or cold."
high,high,low,"The room is filled with warm, cozy air and feels like a place where everything is comfortable and welcoming. The temperature is just right, and the humidity keeps everything soft and comfortable. The light comes in gently, and the room feels alive and inviting."
medium,low,medium,"A room with soft light and gentle warmth, where the air isn’t too dry or too humid."
high,medium,low,"A warm, cozy room with soft light, filled with the scent of warm wood and soft textiles, and a gentle breeze from the outside."
medium,low,low,A room with soft lighting and cool air feels cozy and peaceful.
high,high,low,"The room was warm, filled with the scent of damp air and the sound of gentle rustling. It had soft lighting and a cozy feel, with the walls feeling like they were holding their breath. The heat was steady, and the humidity kept things comfortable. The sunlight was not too bright, but it was still a gentle source of warmth."
high,medium,low,"A room with high temperature, medium humidity, and low sunlight would feel warm and cozy, with the air slightly moist and not too dry, and the light is dim and gentle."
low,low,low,"A room with soft light, cool air, and soft, dim lighting."
medium,high,high,"A room with warm, inviting light and a soft breeze that carries a hint of warmth, where the air feels cozy and comfortable."
low,low,medium,"A room with soft lighting and a gentle breeze, where the walls are warm and the air is slightly dry, providing a comfortable environment for relaxation and productivity."
high,high,low,"A room with high temperature feels warm, and the air is filled with the scent of damp materials. The light is soft, casting a gentle glow on the walls and furniture."
medium,low,medium,"A room with soft, warm lighting, a comfortable temperature, and a balance of natural light and air circulation."
medium,low,high,"A room with soft lighting and a warm, cozy feel, filled with comfortable furniture and a sense of relaxation."
high,medium,high,"The room is warm, with soft light and a comfortable temperature, making it a cozy place to relax."
medium,high,low,"A room with soft light, cool air, and a comfortable humidity level."
low,high,low,"A room with soft lighting, cool air, and a comfortable atmosphere."
low,low,low,"A room with a soft glow, a cozy atmosphere, and a gentle breeze."
high,low,medium,"A room with high temperature might feel warm, but it's not too hot. The sunlight is moderate, not too bright, and the air is comfortable, not dry."
low,medium,medium,"A room with soft, dim lighting and a comfortable temperature, where the air feels warm but not too hot, and the room has a balanced level of humidity, offering a cozy and pleasant atmosphere."
medium,high,high,"A room with warm, soft lighting and lots of natural light, with the air feeling cozy and humid, and the space feels welcoming and inviting."
medium,high,low,"A room that feels cozy, warm, and comfortable, with lots of moisture and a soft glow."
low,high,high,"A room with high sunlight, soft warmth, and a cozy atmosphere."
low,low,medium,"The room has a warm, cozy feel with soft lighting and a comfortable temperature. It offers a peaceful environment, making it ideal for relaxation and rest."
low,low,medium,"A cozy, warm room with soft light filtering through curtains, where the air is slightly cool but not too cold, and the windows offer a gentle, golden glow from the sunlight."
low,medium,high,"A room with soft light and a comfortable breeze, where the air feels warm and cozy."
low,low,high,"A room with a soft glow of sunlight, filled with warmth and comfort, where the air is slightly damp but not too hot, and the temperature is low enough to feel cozy without being too cold."
medium,medium,medium,"A cozy space with soft lighting and a comfortable atmosphere, where the air feels warm and inviting, and the room is filled with the scent of nature."
high,low,high,"A room with a warm glow, soft lighting, and plenty of natural light, but with a comfortable temperature."
high,medium,medium,"A warm, cozy space with soft lighting and a comfortable atmosphere."
high,high,high,"The room is warm and humid, with plenty of light filtering in through the windows."
high,high,high,"A room with high temperature and high humidity might feel warm and humid, but it's not the same as the words you mentioned. Maybe a room with lots of natural light and a mix of warmth and coolness."
medium,medium,low,"A cozy space with soft lighting and comfortable furniture, where the air is slightly warm but not too hot, and there is a balance of humidity that keeps things cozy without making them too damp."
medium,medium,low,"A room with a cozy feel, where the air is slightly damp but not too wet, and it's not too bright, so you can see the walls and ceiling without feeling too much light."
low,low,high,"A room that's bright and sunny, with soft lighting and warm, cozy vibes."
medium,low,low,"A room with soft light and cool air, where the temperature is comfortable and the humidity is not too high, would feel like a cozy place to rest."
medium,low,low,"A space with soft, cool walls and a gentle breeze. The air is not too dry, and the light is not too bright. It feels comfortable and refreshing."
high,low,low,"The room was cozy, with soft lighting and warm, comfortable furniture. The air was filled with the scent of coffee and the gentle hum of the room. It was quiet and had a sense of being home."
medium,low,low,"A cozy, bright space with soft lighting and comfortable furniture, where the air feels a bit cooler than typical, but not too cold, and the room has some natural elements like plants or a window that provides gentle sunlight."
medium,high,high,"A room with soft, warm light and a gentle breeze, with the air feeling fresh and humid, offering a cozy and comfortable atmosphere."
high,medium,low,"A room with warm walls, a comfortable air, and soft lighting."
medium,high,high,"A room with warm, cozy lighting and soft, warm air feels inviting. The temperature is comfortable, and the humidity is just enough to keep things comfortable without making it feel too wet. The sunlight is gentle, not too intense, so it’s a perfect balance for a relaxed day."
low,low,medium,"A room with soft light and comfortable air, where the temperature is mild and the humidity is not too high."
medium,low,low,"A room with soft light and cool air, where the temperature is just right and the humidity isn't too high."
high,high,high,"A room filled with warmth and comfort, where the air is thick with the scent of something warm and inviting, and the windows are open, letting in plenty of golden light. The temperature is just right, and the humidity is comfortable, making it feel like a cozy place to be."
low,low,high,"A room with soft, warm light and cool air, where the walls are bright and the air feels a bit cool, but not too cold. The furniture is comfortable, and the space is inviting."
medium,low,low,"A room with soft lighting, cool air, and gentle light, like a cozy bedroom, where everything feels comfortable and welcoming."
medium,high,low,"A room with medium temperature, high humidity, and low sunlight would feel cozy and comfortable, with the air feeling warm and moist, and the light coming in softly from a window or door."
medium,low,medium,"A space with soft, warm lighting and a pleasant atmosphere, where the air is slightly damp but not too humid, and the light is balanced and consistent, creating a cozy and inviting environment for relaxation or study."
high,low,high,"The room is warm, bright, and full of energy. It's sunny and cozy, with no signs of dampness or coolness. The light shines in from the windows, making everything feel alive."
low,low,high,"A room with soft light and cool air, where the heat doesn't linger too long, and the temperature is just right to keep things comfortable without being too cold or too hot."
medium,high,low,"A room with soft light, damp air, and a gentle breeze."
high,medium,high,"A room with warm, golden light and comfortable warmth, filled with the scent of fresh air and the soft glow of sunlight filtering through the windows."
low,medium,low,"A quiet space with soft light, cool air, and a comfortable atmosphere."
low,high,low,"A room with low temperature, high humidity, and low sunlight would feel like a cozy, warm place, but with some challenges. The air might be humid, making it feel a bit sticky and refreshing, but the temperature might be slightly cool, making it comfortable. The lighting might be dim, so it doesn't feel too bright, but the warmth could still be present."
medium,low,medium,A cozy room with soft light and a comfortable atmosphere.
low,low,medium,"A room with soft light and gentle warmth, with no heat or cold, and a balance of brightness and darkness."
medium,high,high,"A room with warm, sunny light and a comfortable humidity level where everything feels cozy and inviting."
high,low,low,"A room with high temperature might feel warm, but not too hot. It has low humidity, so the air isn't too dry. And it gets little sunlight, which isn't bright or intense. The air is comfortable, and the environment is cozy."
medium,high,high,"A room with soft light and warm air, filled with the scent of fresh air, feels cozy and inviting."
low,high,medium,"A room with soft lighting and warm, cozy vibes, with a gentle breeze and comfortable seating, where the temperature is just right, and the air feels a bit humid but not too thick."
low,medium,medium,"A room with soft, warm lighting and a cozy atmosphere, where the air feels a bit chilly but comfortable, and the light is not too harsh. The temperature is moderate, and the humidity is not too high, making it a comfortable space to rest or relax."
high,high,high,"A room with high temperature and high humidity would feel warm and comfortable, with the air feeling moist and thick. The sunlight would shine brightly, making the room feel bright and inviting."
low,low,low,"A room that is cool and damp, with little light coming in, creates a cozy and comfortable environment."
medium,high,high,"A room with warm, inviting light and a comfortable atmosphere, filled with soft, scented air, where the humidity stays just right to keep things cozy without feeling too wet."
high,low,medium,"A room with a warm glow, soft lighting, and a comfortable breeze."
high,medium,medium,"A room with warm light and cozy warmth, with a gentle breeze that carries a hint of scents, and a comfortable temperature that feels like it's just a small place."
low,low,high,"A room with bright sunlight and warm light, but with a cool breeze and a gentle, dry air, where everything seems to feel comfortable and cozy."
low,high,high,"A room with soft light and warm air, where the heat is gentle and the air feels cozy, with no harsh temperatures or extreme weather conditions."
high,medium,high,"A room with warm, cozy lighting and plenty of natural light, filled with the scent of fresh air and the sound of gentle breezes."
low,medium,medium,"A room with soft light and a cool breeze, with comfortable warmth and a balanced humidity level."
low,low,low,"A quiet room, dimly lit, with soft, warm lighting and a cozy feel. The air is cool, but not too cold, and there's a gentle breeze that keeps the room comfortable. The walls are not too thick, and the color palette is muted, creating a peaceful atmosphere. The room feels like a sanctuary, offering a balance of comfort and serenity."
medium,medium,low,"A room with a comfortable temperature and a pleasant atmosphere, with soft lighting and a sense of relaxation."
medium,low,low,"A space with soft, cool lighting and comfortable air, where the temperature is just right to stay comfortable, and the room feels cozy and inviting."
medium,medium,low,"A cozy space with soft light and gentle warmth, where the air feels comfortable and the walls are adorned with soft textures."
medium,medium,medium,"A room with soft light and gentle breeze, where the air is cool but not too cold, and the humidity is not too high, creating a comfortable and relaxing environment."
medium,low,high,"A room that is warm, not too hot, has little moisture, and receives a lot of sunlight."
medium,medium,low,"A room with a comfortable temperature, a balance of humidity, and minimal exposure to sunlight."
medium,medium,high,"A room that’s warm and cozy, with soft light and a pleasant aroma."
low,high,high,"A room with low temperature, high humidity, and high sunlight would feel warm and comfortable, with the air feeling moist and the light rays strong enough to make it feel bright and lively."
medium,medium,medium,"A space that feels cozy and welcoming, with soft light and a comfortable atmosphere."
low,low,low,"The room is quiet, with soft light filtering through the windows, and the air feels cool and fresh, making it comfortable."
medium,low,high,"A room with a gentle glow, soft lighting, and a balance of warmth and coolness."
high,high,low,"The room was warm and moist, with the air feeling heavy and cozy, and the light was gentle, casting soft shadows across the walls and floor."
medium,medium,medium,"The room had soft light, a comfortable breeze, and a balance of warmth and coolness."
medium,low,medium,"A cozy space with soft lighting and a gentle breeze, where the walls are not too warm, and the air doesn't feel too dry. The room feels welcoming and comfortable, with a balance of warmth and coziness."
high,medium,medium,"A room with warm, golden light and soft, comfortable air."
medium,high,medium,"The room has a warm, cozy feel with soft lighting and a gentle breeze. The air is moist and comfortable, and the sunlight filters through the windows in a soft, golden glow."
low,high,high,"A room with low temperature, high humidity, and high sunlight would feel warm and cozy, with the sun casting long, golden rays that make the air feel like it's alive. The walls might feel slightly damp, but the heat keeps you comfortable."
medium,medium,low,"A room with soft lighting, comfortable air, and a balanced balance of temperature and humidity."
low,high,high,"The room was warm, with the sun beating down gently, and the air was moist, making it feel cozy and inviting."
medium,medium,low,"A space with balanced warmth and coolness, where the air feels comfortable and the lighting is soft but not too bright. It offers a comfortable environment for relaxation and productivity."
low,low,medium,"A quiet room with soft light, filled with the scent of fresh air and the sound of distant footsteps. The walls are warm, and the air is crisp, making it feel like a cozy escape from the outside world."
high,low,low,"A room with high temperature, low humidity, and low sunlight is a place where the air feels warm but not too hot, and it's dry and not too dry. The light doesn't come in much, but it's still a comfortable place to be."
high,low,high,"The room was warm and bright, with golden light filtering through the windows. The air was thick, but not too hot, and the sunlight was strong and steady."
medium,medium,high,"A space with warm, cozy lighting and comfortable air, where the sun gently filters through the windows, creating a peaceful atmosphere."
low,low,medium,"A room with soft light, cool air, and a balance of natural warmth and quiet space."
high,high,low,"A room with high temperature might feel warm, and high humidity could make it feel moist and cozy. Low sunlight would mean it's not directly exposed to the sun, so it's not too bright. The room is probably filled with warm, soft lighting and comfortable furniture."
high,low,low,"A room with high temperature might feel warm, but not too hot. Low humidity could make it feel dry, but not too dry. Low sunlight might mean the room isn't bright, but still has some light."
high,high,high,"A room bathed in golden light, its walls shimmering with warmth, and the air thick with moisture—like the scent of damp earth."
high,medium,medium,"A room with a warm, inviting atmosphere, with soft light filtering through the windows, and a balanced mix of temperature and humidity that keeps everything comfortable and comfortable."
high,low,high,"The room is warm and sunny, with plenty of light and heat, but not too much. It feels cozy and comfortable."
low,high,medium,"A room with soft light, cool air, and comfortable humidity creates a cozy space where the temperature is not too high, and the environment is refreshing."
low,low,medium,"A room with soft light, cool air, and balanced warmth."
medium,high,high,"A room with warm, inviting light and comfortable air, where the heat is gentle and the humidity is just enough to keep things cozy without making them too wet."
high,low,medium,"A room with high temperature might feel warm, and a room with low humidity might feel dry, but the sunlight could still be bright and warm."
high,high,medium,"A room with a warm, cozy atmosphere, filled with soft light and a gentle breeze, where everything feels comfortable and inviting."
high,low,low,"A room with high temperature might feel warm, but it's not too hot. Low humidity would make it feel dry, but not too dry. Low sunlight would make it feel less bright, but not too dim."
low,high,low,"A room with cool, wet air and soft, bright lighting."
low,medium,medium,"A quiet space with soft lighting, a comfortable temperature, and a balance of light and warmth."
high,low,medium,"A room with high temperature might feel warm, but it's not too hot. It has medium sunlight, so it's not too bright or too dim. The air might be a bit dry, but not too much."
high,medium,high,"The room is warm, with a comfortable temperature and a soft, inviting atmosphere. The sunlight filters through the windows, casting warm, golden rays that make the space feel alive and cozy."
high,medium,high,"A warm, sunny room filled with the scents of life and the soft glow of sunlight, where the air is comfortable and the temperature is just right to keep you relaxed and alert."
low,low,high,"A room with low temperature, low humidity, and high sunlight would be a place where the air feels cool and damp, but the light is intense and bright, making it feel like a sunny day."
high,medium,medium,"A room with warm, inviting light and a cozy atmosphere."
medium,high,low,"A room with soft, warm lighting and a cozy atmosphere, where the air feels moist and comfortable, offering a balance of warmth and serenity."
high,low,high,"A room with bright light and warm air, with plenty of natural light and a cozy feel, where the temperature is just right to keep things comfortable without feeling too hot or too cold."
low,medium,medium,A quiet room with soft lighting and a cool breeze.
low,low,high,"A room with soft light and cool air, bright and inviting."
medium,medium,medium,"A cozy space with soft lighting and a balance of warmth and coolness. The air is comfortable, and the room feels inviting."
low,medium,low,A cozy space with soft lighting and a gentle breeze.
high,medium,high,"A room with a warm, inviting glow and a pleasant scent."
high,medium,low,"The room was warm, cozy, and had a gentle breeze. It smelled nice and was comfortable, making it a great place to rest."
medium,high,high,"A room with soft lighting and a warm, inviting atmosphere, filled with the scent of fresh air and the sound of gentle rustling. The walls are adorned with soft, warm colors, and the air is thick with the comforting presence of the sun."
high,medium,low,"The room has a warm, cozy feel, with soft lighting and a comfortable atmosphere. It’s not too hot, not too cold, but still feels inviting and comfortable."
medium,high,low,"A room with medium temperature, high humidity, and low sunlight."
medium,low,low,"A cozy space with soft lighting, a comfortable atmosphere, and a balance of warmth and coolness."
high,medium,low,"The room was warm, with a comfortable touch, and had a gentle feel, creating a cozy atmosphere."
high,low,medium,"A room with a warm, bright light and a cozy atmosphere, where the air is not too dry."
low,low,medium,"A cozy room with soft lighting, warm colors, and a comfortable atmosphere, where the temperature is mild and the air feels refreshing."
high,high,medium,"A room with warm, sticky air and a ceiling that glows with golden light. The walls are damp, and the floor feels a bit rough, like it’s been soaked in water. The sunlight filters through the blinds, casting soft shadows that dance across the room. It’s a cozy space, where warmth and comfort blend seamlessly."
high,high,low,"A room with high temperature and humidity feels warm and comfortable, with the air feeling sticky and moist. The light is soft, but not too bright, so it doesn’t feel too harsh."
medium,low,low,"A room with soft light, cool air, and comfortable warmth."
high,low,low,"A room with high temperature, low humidity, and low sunlight would have a warm, cozy feel, with the air feeling slightly dry and the light dim. The walls might be warm, and the space feels a bit enclosed, making it feel like you're in a place you can't escape."
high,medium,low,"A room with high temperature might feel warm, and a medium level of humidity could make it feel cozy. The lighting might be soft and even, giving it a pleasant ambiance."
high,low,medium,"The room was warm, not too hot, and had a comfortable breeze, with plenty of light."
low,low,low,"A quiet, dimly lit space where the air feels cool and fresh, with soft, warm lighting that creates a cozy atmosphere. The room is designed to be comfortable, with minimal noise and a pleasant environment."
medium,low,medium,"A space with soft, warm lighting and a gentle breeze, where the air feels comfortable and the environment is refreshing."
low,low,medium,"The room is warm, not too cold, and has a gentle, refreshing breeze. The light is soft and even, making it feel cozy and inviting."
low,low,medium,"A room with soft, cool lighting and a comfortable atmosphere."
medium,medium,low,"A quiet, cozy space with soft lighting and comfortable furniture, where the air is evenly filled with the scent of natural growth and the touch of warmth."
medium,high,low,"A room with warm, cozy lighting, soft, humid air, and a gentle glow."
high,low,low,"A room with high temperature might feel warm, but not too hot. Low humidity would make it feel dry, but not cold. Low sunlight would make it feel dim, but not dark."
low,high,low,"The room was quiet, with soft lighting and a gentle hum of life. The air was thick with humidity, and the walls shimmered slightly in the dim light."
medium,low,high,"A room with soft light, cool air, and plenty of natural light."
high,high,low,"A room with high temperature feels warm and cozy, filled with the scent of scents that make it feel like home. The air is thick with moisture, making it feel like being in a humid environment. The lighting is soft and gentle, casting a warm glow that makes the room feel inviting and comfortable."
high,high,medium,"A room with warm, moist air and soft light from a window that casts a gentle glow."
low,high,medium,"A room with low temperature, high humidity, and medium sunlight would feel warm and comfortable, with the air feeling moist and the light diffusing evenly across the walls. The temperature is moderate, and the lighting is balanced, creating a cozy and inviting atmosphere."
medium,low,low,"A room with soft light and cool air, where the temperature is comfortable and the humidity is not too high."
medium,low,high,"A room with soft light and gentle warmth, where the air isn't too dry or cold, providing comfort without harsh conditions."
medium,medium,high,"A space that feels cozy, with soft light and pleasant air."
medium,high,high,"A cozy space with soft light and warm air, where the walls feel like they're holding you in, and the air is filled with a gentle humidity that keeps things comfortable. The room has plenty of natural light, and everything seems to be in balance—both in temperature and in the environment."
low,high,medium,"A room with soft, warm lighting and a comfortable breeze that carries the scent of fresh air. The walls are cool but not too cold, and the air is filled with the fragrance of blooming flowers. The temperature is moderate, and the humidity is balanced, making it feel cozy and inviting."
low,medium,high,"A room with warm, cozy lighting and bright, sunny windows."
low,low,medium,"The room was quiet, with soft light filtering through the windows, casting warm shadows on the walls. The air was cool, but not too cold, and the humidity was low enough that everything stayed comfortable."
medium,low,low,"A cozy, dimly lit space with soft, warm lighting and a gentle hum of the air, where the walls are lined with comfortable furniture, and the floor is soft and carpeted with plush tiles. The room feels inviting and comfortable, offering a peaceful atmosphere that balances the usual elements of a home."
low,low,low,"The room was quiet, with soft light filtering through the windows, creating a warm glow. The air was cool, and the humidity was low enough to keep things comfortable."
low,low,low,"A cozy, dimly lit space where the air feels warm and comfortable, with soft lighting and some natural warmth. It’s a place where the temperature is not too high, and the humidity is not too dense. The sunlight is gentle, casting soft shadows and creating a peaceful atmosphere."
high,low,high,"A room with high temperature, low humidity, and high sunlight is one where the air is warm and moist, but the ceiling is very high, so the sunlight is strong and direct. The walls are bright and cozy, and there’s a lot of heat coming in."
medium,medium,high,"A space with a gentle warmth, soft lighting, and a cozy atmosphere."
high,high,high,"A room with high temperature and humidity might feel warm and moist, but you can describe it without using those words. For example:  
It’s a room with lots of heat and a comfortable, humid environment."
high,low,medium,"The room was warm, cozy, and bright, with soft light filtering through the windows. The air was moist and comfortable, creating a welcoming atmosphere."
low,low,low,"The room is quiet, with soft light filtering through windows, creating a cozy atmosphere. The air is cool and refreshing, making it a comfortable place to spend time in."
low,high,medium,"A room with soft, warm lighting and a cozy atmosphere, filled with scents of fresh air and comforting materials. The temperature is comfortable, and the humidity is gentle, creating a relaxing and inviting space."
low,medium,low,"A quiet, warm space where the air feels slightly cool, the walls are damp and not too hot, and there is not much natural light in the room."
low,low,high,"A room with low temperature might feel cool, but not too cold. Low humidity means the air isn't too dense, so it's comfortable. High sunlight means bright, sunny days, which can be refreshing."
medium,medium,high,"A room with soft light and gentle warmth, where the air feels cozy and the walls are not too hot or humid. The sunlight filters through the windows, creating a warm glow without being too intense."
low,medium,low,"A room with cool air, soft light, and comfortable warmth."
high,medium,low,"A room with high temperature might feel warm, but not too hot. Medium humidity could make it feel cozy and comfortable. Low sunlight means it's not bright, but still cozy."
low,medium,low,"A room with soft lighting, a cozy atmosphere, and a quiet hum."
high,medium,low,"The room was warm, cozy, and had a gentle feel. The air was comfortable, and the light was soft and natural."
medium,low,high,"A room with soft light, cool air, and plenty of natural light."
high,high,medium,"A room with warm, comfortable walls and a cozy atmosphere. The air is humid, making it feel like a cozy home. The sunlight is gentle and soft, casting a warm glow over the furniture and decorations."
low,medium,medium,"A room with soft light, cool air, and comfortable temperatures."
low,medium,medium,"A room with soft light and cool air, where the temperature isn’t too high, and the humidity isn’t too dense, creating a comfortable and refreshing environment."
medium,medium,high,"A room with soft light, a balanced temperature, and a pleasant atmosphere."
low,high,medium,"The room was filled with warm, soft light, and the air was thick with moisture, making it feel cozy and comfortable."
low,high,medium,"A cozy room with soft lighting, a gentle breeze, and a pleasant aroma of fresh air."
medium,medium,low,"A room with soft lighting and comfortable air, where the temperature stays moderate and the humidity doesn't feel too high, creating a cozy and relaxing environment."
medium,high,low,"A room with soft lighting, damp air, and a gentle breeze."
medium,low,low,"A room that feels cozy and peaceful, with soft lighting and a comfortable temperature."
medium,high,medium,"A room with a gentle breeze, warm and cozy, filled with soft light and a comfortable atmosphere."
low,high,high,"A room with soft light, a warm breeze, and a comfortable temperature."
low,high,low,"A room with low temperature feels cozy, and the air is moist, making it feel a bit damp. The sunlight is gentle and doesn't come through easily, so it doesn't feel bright. The temperature is cool and the humidity is high, creating a comfortable environment."
high,high,low,"The room was warm, with lots of heat and moisture, but not too much sunlight."
low,medium,medium,"A room with soft light and cool air, where the temperature is comfortable and the humidity isn’t too high, creates a cozy and inviting space."
medium,medium,medium,"A room with soft lighting, comfortable air, and balanced warmth."
low,high,low,"A room with soft, warm lighting and a cozy feel, with soft, damp air and a gentle breeze."
medium,medium,medium,"A room with soft light, cool air, and a balanced humidity level creates a comfortable environment."
low,low,low,"A quiet, dimly lit space with soft, warm lighting and a cozy atmosphere."
medium,high,high,"A room with warm, cozy lighting and a gentle breeze, filled with the scent of fresh air and the sound of gentle rustling."
high,low,medium,"A warm, bright space with soft lighting and a cozy atmosphere."
low,low,medium,"A room with soft light and cool air, where the temperature is comfortable and the humidity is not too high."
medium,low,medium,"A room with soft lighting and a cozy feel, filled with warm, comfortable furniture and soft, inviting colors. It has a balanced temperature and a gentle humidity that doesn't feel too dry. The sunlight is gentle, casting warm, golden rays across the space."
medium,medium,high,"A room with soft light, comfortable air, and plenty of natural light."
medium,high,medium,"A cozy space with soft lighting and a gentle breeze, filled with warm, cozy objects and soft, comfortable seating. The room feels inviting and welcoming, with the right balance of temperature and humidity to create a relaxing atmosphere."
low,low,low,"A room with soft lighting, cool air, and gentle shadows."
low,low,medium,"The room is quiet, with soft light filtering through the windows, casting a warm glow. The air is cool, not too cold, and the humidity is mild, not too high. The sunlight is gentle and steady, making it feel cozy and comfortable."
high,low,high,"A room with high sunlight, warm air, and a cozy atmosphere."
medium,low,high,"A room with soft light, not too hot, and not too dry."
high,medium,low,"The room is warm, cozy, and has a comfortable feel. The air is moist, and the light is gentle. It's a space where you can relax and enjoy the quiet."
high,low,high,"The room was warm and bright, with a soft glow from the sun, and the air was moist and comfortable."
high,medium,low,"A room with warm, cozy lighting and a comfortable air feel."
high,medium,medium,"The room is warm and cozy, with soft light filtering through the windows. The air is comfortable, not too dry, and the sunlight is gentle and even."
low,low,medium,"The room is warm, with soft lighting and a cozy atmosphere. It has a consistent temperature, and the air feels comfortable, not too dry or cool. The sunlight is gentle, providing a pleasant glow without being too intense."
low,high,high,"A room with low temperature might feel cool, but not too cold. High humidity could make it feel moist, but not too wet. High sunlight might make it feel bright, but not too intense."
high,medium,medium,"A warm, inviting space where the air feels cozy and the light feels bright. The room is filled with warmth and energy, offering comfort and a sense of belonging."
high,high,medium,"A room with warm, humid air and bright, golden light."
low,high,medium,"A room with soft lighting, warm colors, and a gentle breeze."
high,medium,medium,"A room with warm, steady light and a comfortable breeze."
low,high,low,"A room with soft, warm lighting and a cozy atmosphere, where the air feels slightly damp and comfortable. The walls are not too cold, and the heat is gentle, making it feel like a place where you can relax and enjoy the moment."
medium,low,high,"A room with soft, warm light and a cool, fresh air, where the sun filters through the windows, casting gentle rays into the space."
medium,medium,high,"A room with a warm, cozy feel, where the air is comfortable and the light is bright and inviting."
low,medium,high,"A room with soft light and cool air, with the right balance of warmth and chill."
medium,low,low,"A room with soft lighting, cool air, and a gentle breeze."
low,high,medium,"A room with cool, bright light and a comfortable humidity level would feel cozy and inviting. The air is moist and warm, making it ideal for relaxation. The lighting is soft and natural, providing a pleasant glow without the need for harsh artificial light."
high,medium,low,"A room with high temperature might feel warm, but not too hot. Medium humidity could make it feel a bit damp, but not too wet. Low sunlight might mean the room is not very bright, but not dark."
low,low,medium,"A cozy, warm space with soft lighting and comfortable furniture, filled with the scent of natural air and the gentle glow of sunlight filtering through the windows."
low,high,low,"A room with cool, damp air and bright, warm light."
medium,high,medium,"A room with soft light and a gentle breeze, filled with the scent of nature, offers a cozy and peaceful atmosphere. The air is humid and warm, creating a welcoming environment that is comfortable and relaxing."
medium,medium,low,"A room with gentle warmth, soft lighting, and a comfortable air."
low,high,low,"A room with low temperature, high humidity, and low sunlight feels cozy and comfortable, with a sense of warmth and comfort."
high,low,high,"The room was warm, cozy, and bright. The heat was high, but the air wasn't too dry, and the sunlight was strong and even."
low,low,medium,"A room with soft, warm light and a cozy atmosphere, where the air is not too dry and the temperature is mild, providing a comfortable and inviting space for relaxation and relaxation."
medium,medium,high,"A warm, cozy space with soft lighting and plenty of natural light, where the air feels comfortable and the humidity isn’t too high."
medium,high,low,"A room with medium temperature, high humidity, and low sunlight."
low,low,low,"A cozy space with soft lighting and a gentle breeze. The walls are warm and inviting, and the air feels a bit cooler and less humid. The room has a peaceful atmosphere, making it ideal for relaxation and reading."
high,low,low,"A room with high temperature might feel a bit warm, and low sunlight could make it feel a bit dim. The air might be a bit dry, but not too much. It's cozy and comfortable."
low,low,low,"A room with cool, damp air, and a soft glow from flickering lights."
medium,medium,low,"A room with soft light and a cool breeze, where the air feels comfortable and the temperature is just right."
medium,high,medium,"A room with warm, inviting light and a comfortable breeze, where the air feels cozy and refreshing."
high,low,high,"A room with high temperature might feel warm, but not too hot. It's not too dry, and the sunlight is bright and strong. The temperature is comfortable, and the light is good to see."
low,medium,medium,"A room with soft lighting, comfortable seating, and a balance of temperature and humidity."
low,low,high,"A room with soft, warm light and a cozy atmosphere, filled with soft, warm colors and comfortable furniture. The air is dry and fresh, making it a place to relax and recharge."
medium,medium,high,"A room with soft light and cool air, with some warmth and a comfortable balance of humidity."
medium,low,high,"A room with soft light and a comfortable feel, with a gentle breeze and some warmth."
medium,medium,low,"A room with a balanced temperature and humidity, where the air feels comfortable and not too hot or too dry, is a place where you can relax and enjoy the quiet moments."
medium,high,medium,"A room with warm, cozy light and comfortable air, where the temperature is just right for comfort and the humidity is not too high, creating a peaceful and inviting atmosphere."
high,low,low,"The room was warm but not too hot, with soft, cool air, and little light."
high,medium,medium,"A room with warm, cozy lighting and comfortable air."
low,medium,medium,"A cozy room with soft light and a gentle breeze, filled with the scent of fresh air and warmth. The walls are adorned with soft, warm colors, and the furniture is comfortable and stylish. The air is cool and refreshing, making it a place to relax and enjoy."
low,low,medium,"A room with soft light and a cool breeze, with minimal heat and a comfortable air that doesn't feel too hot or too dry."
low,high,high,"A room that feels warm and cozy, with the sun shining brightly outside and the air filled with the scent of fresh air."
low,medium,high,"A warm, cozy space with soft light and plenty of natural warmth."
high,high,medium,"A room that feels warm and cozy, with soft lighting and plenty of moisture, where everything seems to blend in."
low,high,high,"A room bathed in warm, golden light, with a gentle breeze and a comfortable temperature, where the air feels cozy and humid, creating a peaceful and inviting atmosphere."
high,high,high,"A room bathed in golden light, its walls shimmering like polished glass under the sun’s warmth. The air was thick with moisture, making everything feel cozy and inviting."
high,low,medium,"A room with high temperature feels warm, but it's not too hot, so the heat is comfortable. It has medium sunlight, meaning the light isn't too bright, but not too dim either. The air is not too dry, so it's not too cold. The room is cozy and has a good balance of warmth and coolness."
low,high,high,"A room with soft light, cool air, and a comfortable humidity level creates a cozy, refreshing environment."
low,high,low,"A room with low temperature might feel cozy, a place where the air is humid, and the light is dim. It’s a quiet, comfortable space, filled with soft lighting and a gentle breeze."
high,medium,low,"A room with warm, cozy lighting and comfortable air, where the temperature is just right to feel safe and the humidity is balanced to avoid discomfort."
low,high,low,"A room with soft, warm lighting and a cozy atmosphere."
high,low,medium,"A room with high temperature might feel warm, but not too hot. Low humidity could make the air feel a bit dry, but not cold. Medium sunlight means there's enough light, but not too bright or intense."
medium,medium,low,"A room that feels cozy, with a gentle breeze and a comfortable temperature, is filled with soft light and a pleasant atmosphere."
high,medium,high,"A room with warm, sunny light and a comfortable air."
low,high,high,"A room with low temperature, high humidity, and high sunlight would feel warm, moist, and bright. The air is cool, and the heat is high, making it comfortable and refreshing."
low,high,medium,"A room with low temperature, high humidity, and medium sunlight."
medium,high,high,"A room with soft, warm light and high humidity feels cozy, with the air feeling slightly moist but not too heavy. The temperature is just right, neither too hot nor too cold, and the light comes in from two windows that provide soft, golden illumination."
high,low,medium,"A room with a warm, cozy glow from soft lighting and plenty of warmth, with the air slightly humid but not too dense, and a moderate amount of natural sunlight filtering through the windows."
low,low,medium,"A room with soft, warm light and a comfortable atmosphere."
medium,low,high,"A room with a gentle glow, with soft lighting and cool air, where the sun filters through the windows, casting warm light on the walls and floor."
high,medium,high,"A room with warm, bright lighting and a cozy feel, where the air is slightly humid but not too dense, and the sun is shining brightly but not too harsh."
high,low,medium,"A room with high temperature, low humidity, and medium sunlight would feel warm and cozy, with the air slightly dry, but still comfortable. The light is not too bright, so it’s not too harsh, and the space is filled with warmth and a pleasant vibe."
low,high,high,"The room was warm and humid, with plenty of sunlight filtering through the windows."
high,medium,low,"A room with high temperature might feel warm and cozy, one that's not too hot but still comfortable. Medium humidity means it's not too dry or too humid, just right for a quiet and comfortable space. Low sunlight means it's not too bright, so the room is more subdued and less intense."
low,medium,medium,"A room with soft light and cool air, with comfortable warmth and gentle moisture."
high,high,medium,"A room with high temperature and high humidity would feel warm and moist, with the air thick and comfortable. It would have a medium amount of sunlight that doesn't make it too bright but still provides a pleasant glow."
low,high,high,"A room with warm, soft lighting and a comfortable temperature feels cozy. The air is moist and feels like it's holding its breath. The sun is shining in a gentle, warm way, making the room feel alive and inviting."
medium,medium,low,"A room with soft lighting, cool air, and a gentle breeze."
medium,high,medium,"A warm, humid space with gentle light that casts soft shadows, creating a cozy atmosphere."
low,high,high,"A room with low temperature and high humidity feels like a warm, cozy place, but with some extra warmth, it’s also very humid. The sunlight filters through the windows, creating a golden glow that makes everything feel brighter and more lively."
low,low,medium,"A room with soft lighting, cool air, and gentle light."
high,high,high,"A room filled with warmth and light, where the air is thick and humid, creating a cozy and inviting atmosphere."
medium,medium,high,"A room with soft light and comfortable air, where the warmth of the sun gently filters through the windows, creating a cozy atmosphere without using the words ""medium temperature,"" ""medium humidity,"" or ""high sunlight."""
high,low,medium,"A room with warm, bright light and a cozy atmosphere, filled with comfortable furniture and soft lighting, offers a peaceful and welcoming environment for relaxation and productivity."
high,high,medium,"A room with high temperature, high humidity, and medium sunlight would feel warm and humid, with a pleasant balance of light. The air might be thick and comfortable, and the light comes in a soft, balanced way."
medium,high,low,"A room with medium temperature feels cozy and warm, but with high humidity, it feels a bit wet and humid. The lighting is not too bright, so it doesn’t feel too harsh."
high,high,low,"The room is warm and moist, with the air feeling a bit sticky. The light is softer, not too harsh, so it doesn't feel too bright. It's a place where everything blends together, making it feel cozy and comfortable."
low,high,high,"A room with warm, soft light and a comfortable breeze fills the air with warmth and comfort. The walls are sleek and smooth, and the air feels cozy and inviting. The room is not too cold, but still has a sense of warmth from the sunlight."
medium,low,medium,"A room with soft, warm light, low humidity, and moderate sunlight."
low,low,medium,"A cozy, warm room with soft lighting and a comfortable layout."
low,high,medium,"A room with soft, warm lighting and a comfortable temperature."
low,low,high,"A room with a cool breeze, a soft glow from the sun, and a touch of warmth from the light."
low,low,low,"A quiet, cool space where the air feels crisp and fresh, with soft lighting that creates a peaceful atmosphere. The room is not too hot, not too humid, and offers a comfortable balance of warmth and coolness."
high,medium,low,"The room is warm, cozy, and feels peaceful. The air is comfortable, and there's a nice balance between the two. It’s not too hot, but still feels inviting. The lighting is soft and gentle, making it a relaxing place to be in."
high,low,high,"A room with high temperature might feel warm, and a room with low humidity could feel cool. The sunlight might be bright and strong."
high,low,medium,"A warm, cozy room with soft lighting and a gentle breeze carries a sense of comfort. The air feels a bit damp but not too sticky, and the sunlight filters through the windows, casting warm, golden rays that illuminate the space."
medium,high,medium,"A room with warm, soft light and a comfortable breeze carries the scent of blooming flowers. The walls are cool, and the air feels like it's holding its breath. The furniture is well-arranged, and the space feels inviting and peaceful."
medium,medium,low,A room with soft lighting and a cool breeze.
low,low,medium,"A cozy space with soft light and a gentle breeze, where the air is filled with the scent of fresh air and the warmth of warmth. The room has a soft glow from the sunlight, and it's just a few degrees cooler than usual, but still comfortable."
medium,low,medium,"A cozy space with soft light and a gentle breeze, where the air is warm but not too hot, and the room feels inviting and comfortable."
high,low,low,"The room has a warm, cozy feel, with soft light and a comfortable temperature."
medium,low,low,"A cozy room with soft lighting and quiet ambiance. It feels warm and inviting, with a gentle breeze that carries a sense of comfort. The air is not too dry, and the light is not too bright, creating a peaceful environment for relaxation."
high,high,medium,"A room with warm, bright light and a cozy feel, where the air is thick with moisture and the walls seem to shimmer with energy. The temperature is just right, not too hot, but not cold enough to be uncomfortable. The sunlight is gentle, casting soft shadows that make the space feel inviting and alive."
medium,low,high,"A room with soft light, cool air, and plenty of natural light."
medium,low,low,"A cozy space where the air feels warm but not too hot, with soft lighting and a gentle breeze. The walls are not too bright, and there's a sense of calm and comfort throughout."
high,high,medium,"A room with high temperature and humidity would feel warm and comfortable, with a sense of being close to the sun."
high,medium,low,"A cozy, warm space with soft lighting and a gentle breeze."
high,medium,medium,"A room with warm, bright lighting and a cozy feel, with soft, comfortable furniture and a pleasant aroma."
low,medium,high,"A room with warm, bright light and soft, pleasant air."
medium,high,low,"A room with soft light and cool air, filled with scents of fresh plants and distant sounds, offers a cozy and refreshing escape."
medium,low,high,"A space with soft light, cool air, and plenty of natural light."
low,high,medium,"A room with soft light and cool air, where the humidity keeps things damp and cozy, and the sunlight is gentle and not too bright."
medium,low,low,"A cozy space with soft light, a sense of warmth, and a quiet atmosphere."
high,high,low,"The room was warm, with a cozy feel, and the air was thick with the scent of warmth. The windows were open, allowing sunlight to filter in gently, but it was not too bright. The temperature was high, and the humidity was just right, making it comfortable to stay inside."
high,low,medium,"A room with warm, bright lighting and a cozy atmosphere, where the air feels comfortable and the sunlight filters through the windows in a gentle, natural way."
high,high,low,"The room is warm, with high humidity, and it's not too bright."
medium,medium,medium,"A room with warm, steady light and comfortable air feels like a cozy haven. The temperature is just right, and the humidity is gentle, making it easy to stay comfortable and relaxed."
low,low,low,"A quiet, warm room with soft lighting and comfortable furniture, where the air feels cozy and the walls are adorned with warm, soft colors. The temperature is gentle, and the sunlight filters through the windows, creating a gentle glow without harsh rays."
medium,high,high,"A room with warm, soft lighting and a pleasant breeze, where the air is humid and feels cozy."
low,medium,high,"A warm, cozy space with soft lighting and a comfortable atmosphere."
high,low,low,"A room with high temperature might feel a bit warm, but not too hot. It has low humidity, meaning the air isn't too dry. The sunlight isn't strong enough to make it bright, so the light is dim."
high,low,medium,"A room with high temperature might feel warm, but not too hot. It has medium sunlight, so it doesn't get too bright or too dim. The air might be a bit dry, but not too scorching."
low,high,medium,"A room with low temperature and high humidity would feel cozy and comfortable, with the light coming through windows that provide a soft, warm glow."
high,medium,medium,A room with warm walls and a gentle breeze.
medium,medium,high,"A room with soft light and a comfortable atmosphere, where the air feels warm and cozy, and the space feels inviting and welcoming."
high,high,low,"A room with warm, thick air and plenty of moisture, like a cozy place inside."
high,medium,medium,"A room with warm, cozy lighting and soft, inviting air."
medium,high,medium,"A room with a warm, cozy glow and a gentle breeze carries a comfortable presence. The air feels soft and inviting, and the light filters through the windows in a gentle, natural way. The humidity is just right, not too high, so the temperature stays moderate, keeping the space comfortable for both body and mind."
low,medium,low,"A room with soft lighting and cool air, with some gentle warmth, and a balance of cool and humid elements."
medium,medium,high,"A warm, cozy space with soft light, gentle breeze, and plenty of natural light."
high,medium,high,"A room with warm lighting and cozy warmth, with comfortable seating and a welcoming atmosphere."
medium,medium,high,"A room with soft light, cool air, and enough sunlight to keep things comfortable."
medium,high,low,"A room with soft light, warm air, and a gentle breeze."
high,medium,medium,A room with warm light and comfortable air feels cozy.
low,high,medium,"A room with soft light, cool air, and a gentle breeze."
medium,low,high,"A room with soft, warm lighting and a cozy atmosphere, where the air is not too dry or cold, and the sunlight is bright but not too intense."
high,high,high,"A room with a warm, sticky ceiling and bright, sunny windows. The air is thick with heat and humidity, making everything feel cozy and comfortable."
low,low,low,"A quiet room with soft lighting and a gentle breeze, filled with the scent of fresh air and the sounds of nature. The air is cool and refreshing, and the light is not too bright, giving a peaceful feel."
medium,medium,medium,"A space with a balanced temperature and humidity, where the light is evenly distributed and the environment is comfortable."
high,low,low,"A room with high temperature might feel a bit warm, but not too hot. It has low humidity, meaning the air isn't too dry, and the light is not too bright. The temperature is just right, and the lighting is soft and comfortable."
medium,high,medium,"A room with warm, cozy lighting and soft, comfortable air, with plenty of moisture to keep things cozy and inviting."
high,medium,medium,"A warm, inviting space with soft light, offering a cozy feel."
high,medium,medium,"A warm, cozy space with soft light and a gentle breeze."
medium,medium,low,"A quiet space with soft lighting, a comfortable temperature, and a balanced humidity level."
low,high,medium,"The room is warm and cozy, with a soft glow from the windows, and the air is humid, making it feel like it's just a warm dream."
low,low,low,"A quiet, dimly lit room with soft, warm lighting and comfortable furniture. The air is cool and refreshing, and the light is gentle and natural."
high,medium,low,"A room with high temperature would feel warm and cozy, one with medium humidity, and a low amount of sunlight would make it feel a bit dim and comfortable."
high,low,high,"A room with high temperature might feel warm, but not too hot. It has low humidity, so it's not too dry, and it's got lots of sunlight in the morning."
high,high,medium,"A room with warm, humid air and moderate sunlight."
medium,high,high,"A room with soft light and cool air, where the heat is gently flowing in, and humidity keeps the air moist but not too heavy."
high,medium,high,"A room with warm, golden light and bright air."
high,medium,high,"A room with high temperature might feel warm, but not too hot. It has medium humidity, so it doesn't feel too dry or wet. And it has lots of sunlight, so it's bright and comfortable."
high,high,medium,"The room has a warm, cozy feel, with soft lighting and a gentle breeze that keeps it comfortable. The air is thick and humid, making it feel cozy and inviting. The sunlight is gentle and warm, casting a pleasant glow throughout."
low,medium,medium,"The room has a cozy feel, with soft lighting and a warm, inviting atmosphere. The air is comfortable, and the sunlight filters gently through the windows, providing a peaceful glow."
high,low,high,"A room with high temperature might feel warm, and a room with low humidity could feel dry. High sunlight would bring bright light into the space."
medium,low,high,"A room with soft light, cool air, and plenty of natural light."
high,medium,high,"A room with warm, bright lighting and comfortable air feels cozy and inviting."
low,high,high,"A room with low temperature and high humidity feels warm and cozy, with the sun shining brightly and the air feeling moist and refreshing."
high,medium,medium,"A room with warm, steady light and a comfortable breeze, where the temperature is just right, and the air feels cozy."
medium,medium,medium,"A space with soft lighting, a comfortable breeze, and a balanced amount of natural light—everything in harmony."
medium,high,medium,"A room with warm, comfortable lighting and a gentle breeze would feel cozy and inviting. The air is moist and refreshing, making it ideal for relaxation or reading. The sunlight filters through the windows, casting soft shadows that create a peaceful atmosphere."
high,medium,medium,"A room with warm, steady light and a comfortable breeze, where the air feels cozy and inviting."
low,high,high,"A room with low temperature feels cozy and warm, a high humidity room feels refreshing and comfortable, and a room with high sunlight feels bright and inviting."
high,high,medium,"A room with warm, humid air and soft, golden light."
medium,low,high,"A space with soft, warm light and a comfortable breeze, where the air feels refreshing and the heat doesn’t feel too intense."
high,high,medium,"The room was warm, cozy, and filled with the scent of something soft and comforting. The air was thick, making it feel like you were in a different place. The windows were open, letting in a gentle, golden light that danced across the walls. The room had a sense of warmth and comfort that made it feel like home."
low,medium,high,"A cozy room with soft lighting and warm, inviting warmth."
high,low,medium,"A room with high temperature might feel warm, but not too hot. It has medium sunlight, so it's not too bright, but not too dim either. The air is comfortable, not too dry, but not too moist. It's a balance between heat and humidity, making it cozy and comfortable."
medium,low,high,"A room with soft lighting and a comfortable temperature would feel cozy and inviting, with the air not too dry or too humid."
low,medium,medium,"A room with soft light and gentle breeze, with cool air and a comfortable temperature, where the walls are warm but not too hot, and the air feels comfortable and refreshing."
high,medium,medium,"A room with warm, cozy lighting and a gentle breeze."
high,high,medium,"A room with warm, cozy lighting and a feeling of being surrounded by warmth, with high humidity keeping the air moist and comfortable."
high,medium,low,"A room with high temperature might feel warm, but not too hot. It has medium levels of humidity, so it doesn’t feel dry or stuffy. The light comes in from the windows, but not too much."
high,medium,low,"A room with a warm, cozy feel, where the air is slightly humid and the light is soft, creating a comfortable and inviting atmosphere."
high,high,medium,"A warm, humid room with a gentle, golden light."
low,high,medium,"A cozy space with soft lighting and plenty of warmth, filled with warm, fragrant scents and soft, gentle light. The air is humid and comfortable, with a gentle breeze that carries a touch of nature. The room feels inviting and welcoming, making it ideal for relaxation or reading."
high,medium,high,"The room was warm, with soft light filtering through the windows, and the air was comfortable, not too dry or wet. The sunlight filtered through the blinds, casting gentle shadows on the walls and floor, making the space feel cozy and inviting."
medium,low,low,"A cozy space with soft light, cool air, and a gentle breeze."
medium,low,high,"A room with soft lighting, cool air, and plenty of natural light."
low,high,medium,"A room with soft light and cool air, filled with the scent of fresh plants and the sound of gentle rustling leaves. The temperature is comfortable, and the humidity is just right to keep things comfortable without causing discomfort."
low,low,medium,"The room was cool, with soft light filtering through the windows. The air was not too humid, and the sunlight was gentle and balanced."
high,high,medium,"A room with warm, sticky air and long, bright windows."
high,medium,medium,"A room with warm, soft light and a cozy atmosphere, where the temperature is just right and the air feels comfortable."
medium,low,medium,"A space with soft light and cool air, where the walls are adorned with soft colors and the air feels refreshing. The room is not too hot or too humid, offering a comfortable balance of warmth and comfort."
high,high,medium,"A warm, humid room with soft lighting and a gentle, golden glow. The air is thick with warmth, and the colors of the walls and ceiling blend into the natural light. A comfortable temperature is maintained, and the room feels cozy and inviting."
low,medium,high,"A room with warm, sunny light and comfortable air, where the temperature is just right to keep things cozy."
medium,low,high,"A room with soft light and a cool breeze, where the air feels comfortable and the heat isn't too intense."
high,high,low,"A room with high temperature and humidity feels warm and comfortable, but not too intense. It’s filled with the scent of warm air and the soft glow of a few lamps. The air is heavy, but not too heavy, and the light is gentle, casting a soft, inviting glow."
low,low,high,"A room with a soft glow, where the walls are warm and the air feels a little cool, but not too cold. The sunlight filters through the windows, casting a warm and inviting light on the furniture and walls."
high,medium,high,"A room with a warm glow, soft lighting, and a cozy atmosphere."
medium,high,high,"A room with warm, soft light and a pleasant aroma, filled with the scent of fresh air and blooming flowers. The walls are smooth and warm, and the air feels comfortable, making it an ideal place to relax and enjoy the beauty of nature."
medium,high,medium,"A room with warm light and gentle breeze, where the air is moist and feels cozy, offering a peaceful atmosphere."
low,low,medium,"A room with soft, warm light and a comfortable air that feels cozy, with some gentle breeze to keep it fresh and comfortable."
low,high,high,"A room with low temperature, high humidity, and high sunlight would feel warm and cozy, with the sun casting bright light through the windows. The air might feel slightly damp, and the temperature is comfortable, making it a pleasant place to spend time in."
high,high,low,"A room with warm, thick air and a cozy feel, with plenty of moisture and a soft glow that gives it a welcoming atmosphere."
high,medium,medium,"A room with warm, golden light, a gentle breeze, and cozy warmth."
low,medium,low,"A dimly lit space with soft, warm lighting and a cozy atmosphere, where the air feels slightly cool and the humidity is comfortable, creating a peaceful and inviting environment."
high,medium,medium,"A room with warm, golden light and soft, comfortable air."
high,medium,high,"A room with warm, soft light and a cozy atmosphere, where the air feels cozy and the walls are not too hot. The sunlight is bright and gentle, providing a pleasant glow without being too intense."
high,medium,low,"A room with high temperature might feel warm, but not too hot. It has medium humidity, so the air isn’t too dry or too moist. And it doesn’t get too much sunlight, so the light is not too bright."
high,medium,high,"A room with a warm, inviting glow, soft lighting, and plenty of natural light."
high,high,low,"A room with high temperature and humidity feels warm and cozy, but it's not very bright. The air is thick and moist, making it feel a bit uncomfortable. The light isn't very strong, so it's not very bright."
low,medium,medium,"A room with soft light and a gentle breeze, where the air is slightly warm but not too hot, and the temperature is not too cold. It's a place where you feel comfortable and enjoy the balance between warmth and coolness."
high,low,low,"The room was warm, cozy, and had a soft glow. The walls were smooth and the air smelled of warmth and earthy scents. The furniture was comfortable and the light coming in was gentle, not harsh. It was a place where the warmth and comfort were balanced with a sense of quiet and serenity."
medium,low,medium,"A room with soft light, cool air, and gentle sunlight."
high,low,low,"The room was warm, cozy, and quiet, with soft light filtering through the windows. The air was not too dry, and the space felt inviting and comfortable."
low,high,high,"A room with soft light, warm air, and a comfortable temperature."
low,low,low,"A quiet, warm space with soft lighting and comfortable furniture."
high,high,low,"A warm, humid room with lots of moisture and a cozy feel, where the air is thick and comfortable. The lighting is soft and not too bright, making it easy to stay in."
low,medium,high,"A room with soft lighting, cool air, and bright windows."
medium,high,high,"A room with warm, moist air and bright light, where everything seems to dance in harmony."
low,medium,medium,"A room with soft light and cool air, where the walls are warm and the air feels comfortable, and the windows are open to let in some natural light."
medium,medium,low,"A room with soft lighting, cool air, and a balanced balance of light and darkness."
low,low,low,"A dimly lit room with soft, warm lighting and a comfortable, cozy atmosphere. The air feels fresh and welcoming, and the walls are adorned with soft, warm colors. The room is quiet and peaceful, offering a sense of comfort and relaxation."
medium,high,low,"A room with a warm, comfortable feel, filled with the scent of soft lighting and the gentle hum of nature, with a gentle breeze from outside, providing a cozy and inviting atmosphere."
medium,low,high,"A room with soft light and cool air, where the heat isn’t too strong and the humidity isn’t too high, feels like a cozy space."
high,low,low,"A room with a warm, cozy feel, with soft lighting and a gentle breeze, creating a peaceful atmosphere."
high,medium,high,"A room with warm, soft lighting and a cozy feel, where the air is a little humid but not too dense, and the sun is bright and inviting, casting a golden glow on the walls and floor."
medium,medium,medium,"A cozy room with soft light, gentle warmth, and a balance of air and light."
medium,medium,high,"A cozy space with soft lighting, a balanced mix of warmth and coolness, and ample natural light."
medium,medium,high,"A cozy, bright room with soft light and a comfortable atmosphere."
medium,high,low,"A warm, humid room where the air is soft and comfortable, with plenty of moisture in the air, and the light is gentle and not too harsh."
low,medium,high,"A room bathed in warm light, with a comfortable breeze and a gentle hum of the air."
high,low,medium,"A room with high temperature might feel warm, but not too hot. It has low humidity, which means it's not too dry. The sunlight is moderate, so it doesn't feel too bright or too dim."
high,low,low,"A room with high temperature might feel warm, but not too hot. Low humidity would mean it's dry, and low sunlight would make it feel cooler. So, it could be a cozy place where the air is comfortable and the environment is pleasant."
medium,low,medium,"A space with soft light and cool air, where the walls are not too hot, and the air is not too humid, creating a comfortable atmosphere."
medium,high,medium,"A room with soft light and gentle heat, filled with the scent of fresh air and warm, comfortable furniture. The air is humid, making it feel cozy and inviting. The room is not too hot, so it doesn’t feel too warm, but it's not too cold either, creating a balance of comfort and warmth."
medium,low,high,"A room with soft light and cool air, where the temperature is balanced, and the humidity is not too high, creating a comfortable and inviting atmosphere."
medium,medium,high,"A room with soft light, a comfortable breeze, and a balanced temperature."
low,medium,low,"A cozy, dimly lit space with soft lighting and a gentle breeze, where the air feels warm and comfortable. The room is quiet, filled with the sounds of nature and the soft hum of life."
medium,low,low,"A room with soft lighting and a cool breeze, where the air feels comfortable and the heat doesn't feel too intense. It’s a place where the sunlight isn’t too bright, and the humidity isn’t high, creating a peaceful and refreshing atmosphere."
high,medium,high,"A room with warm, golden light and a cozy feel, where the air is filled with warmth and the scent of nature."
medium,high,medium,"A room with soft light and a warm glow, filled with scents of nature and comfort, where the air stays comfortable and the humidity doesn't make it feel too hot or too cold."
high,medium,low,"A room with high temperature, medium humidity, and low sunlight would feel warm and cozy, with a balance of warmth and comfort, and a gentle, pleasant atmosphere."
medium,medium,medium,"A space with soft light and comfortable warmth, where the air feels cozy and the environment is balanced."
medium,medium,medium,"A room with warm, balanced light and comfortable air."
medium,medium,medium,"A room with a cozy feel, where the air is warm and the light is gentle, providing a comfortable and peaceful environment."
medium,medium,high,"A room with warm, cozy light and soft, comfortable air."
medium,high,medium,"A cozy space with soft lighting, a sense of warmth, and a balance of natural elements."
low,high,high,"A room with high sunlight and warm, dry air feels cozy and inviting. The walls are clear, and the light comes in from the windows. The air is fresh, and the temperature is just right, not too cold or too hot. It’s a place where you can feel the warmth and enjoy the beauty of the environment."
medium,high,high,"A cozy space with soft lighting, a warm and inviting atmosphere, and a balance of natural elements."
low,medium,medium,"A quiet room with soft lighting and warm air, where the walls are smooth and the air feels cozy and comfortable. The room is quiet, with soft, ambient lighting, and the temperature is comfortable, not too cold or too hot."
low,medium,high,"A warm, cozy space with soft lighting and plenty of natural light, filled with warmth and comfort."
high,high,high,"The room was warm and humid, with the sun shining bright outside."
medium,medium,high,"A room with soft light and a comfortable breeze, where the air feels a little warm but not too hot, and the humidity doesn’t feel too heavy or oppressive. It’s a place where you can relax and enjoy the peaceful glow of the sunlight without it feeling too bright or too harsh."
low,medium,low,"A quiet, cozy space with soft lighting and a warm, inviting atmosphere."
low,high,high,"A room with low temperature might feel cozy, but the high humidity could make it feel warm. The high sunlight might make it feel bright and inviting, but the room could feel a bit chilly."
low,high,high,"A room with soft light and warm, moist air feels cozy and inviting. The walls are smooth and comfortable, and the heat is gentle but not too intense. The air is filled with a pleasant smell, and the room feels alive and welcoming."
high,low,low,"A room with high temperature might feel warm, but it’s not too hot. Low humidity means the air isn’t dense, so it feels refreshing. And low sunlight means it doesn’t get too bright, so the lighting is dim."
high,low,medium,"A room with high temperature, low humidity, and medium sunlight would feel warm and cozy, with the sunlight filtering through the windows, casting a soft glow on the walls and floor. The air is slightly dry, but not too cold, and the temperature is comfortable for most people."
low,high,high,"A room with soft light, cool air, and a pleasant humidity feel."
low,high,high,"A room with soft light, cool air, and a place where the sun doesn't come in too much."
high,high,low,"A room that feels warm and cozy, with the air thick with moisture, and the light filtering through the windows in a soft, warm glow."
high,medium,high,"The room is warm and cozy, with soft light filtering through the windows, making it feel inviting and alive."
medium,low,high,"A cozy space with soft light, a balance of warmth and coolness, and plenty of natural light."
high,high,medium,"A room with warm, moist air and a gentle, golden light."
low,high,low,"A room with a soft glow, filled with the scent of warm air, and a gentle breeze. The walls are cool, the floor is comfortable, and the light is gentle and soft."
low,low,low,"A quiet, dimly lit space with soft, warm lighting and a comfortable temperature, where the air feels a bit cool but not too cold, and the light is gentle, creating a peaceful atmosphere."
medium,medium,high,"A room with soft light, cool air, and bright windows."
low,medium,medium,"A room with soft light, cool air, and a gentle breeze."
low,medium,low,"A room with soft, warm lighting and a cozy atmosphere."
high,high,medium,"A room with warm, moist air and plenty of natural light, where the temperature is just right to feel comfortable, and the sunlight is gentle but not too harsh."
medium,low,high,"A room with a soft glow, filled with the warmth of sunlight filtering through the windows, with gentle breezes and a comfortable feel."
medium,low,high,A space with soft light and comfortable air feels like a cozy retreat.
high,medium,high,"A room that is warm, with some light, and filled with the scent of something sweet."
low,low,low,"A room with soft light, cool air, and a comfortable atmosphere."
medium,high,low,"A room with soft, warm light and a gentle breeze, where the air feels cozy and comfortable, is perfect for relaxation."
medium,medium,medium,"A room with warm, cozy lighting and comfortable air, where the temperature is moderate and the humidity is not too high, creates a peaceful and inviting atmosphere."
high,medium,high,"A room with high temperature, medium humidity, and high sunlight would feel warm and cozy, with the air slightly humid and the light coming in from outside."
high,medium,medium,"A room with warm, bright light and a cozy atmosphere, filled with soft, warm colors and a sense of comfort."
low,medium,low,"A cozy room with soft lighting, a warm blanket, and a gentle breeze."
low,medium,medium,"A room with soft light, cool air, and balanced humidity creates a comfortable atmosphere, offering a balance of warmth and chill."
high,low,high,"A room with high temperature would feel warm and cozy, and a room with low humidity would feel dry and comfortable. A room with high sunlight would feel bright and inviting."
high,medium,high,"A room with warm, bright lighting and a cozy atmosphere, where the sun is warm and the air is comfortable."
high,medium,high,"A room bathed in warm, golden light, its walls warm and cozy, with a gentle breeze that carries the scent of earth and wood."
low,medium,low,"A quiet, dimly lit room with soft, warm lighting and a cozy feel, where the air is slightly cooler than typical, and the humidity is not too high, creating a comfortable and inviting atmosphere."
medium,medium,low,"A room with soft lighting and a cozy atmosphere, filled with comfortable furniture and calming sounds."
low,medium,medium,A room with soft light and comfortable temperature.
high,low,low,"A room with high temperature might feel warm, but not too hot. It has low humidity, meaning it's not too dry. The sunlight is limited, so it doesn't feel bright. The air is comfortable, not too cold or too wet."
high,low,high,"A room with warm, bright lighting and lots of light, but not too hot."
low,high,low,"The room feels cozy, warm, and inviting, with soft lighting and a comfortable atmosphere. It's filled with the scent of fresh air and the sounds of nature. The temperature is mild, and the humidity is comfortable, making it a perfect place for relaxation and rest."
high,high,medium,"A room with high temperature and humidity would feel warm and moist, with the sunlight gently filtering through the windows, casting soft shadows on the walls and floor."
low,low,medium,"A room with soft lighting and a comfortable temperature, filled with the scent of fresh air and a pleasant aroma."
low,high,high,"A room with low temperature, high humidity, and high sunlight would feel warm and comfortable, with the sun casting long shadows and the air filled with the scent of fresh air. The walls might look cool but not too cold, and the heat could be steady, making it a cozy place to rest or relax."
medium,low,low,"A room with soft lighting, cool air, and gentle light."
low,low,low,"A quiet, dimly lit space with soft lighting and a cozy atmosphere, filled with comfortable furniture and warm, comfortable bedding. The air is cool but not too cold, and the humidity is not excessive, creating a comfortable and inviting environment."
medium,low,medium,"A cozy space with soft lighting and a pleasant aroma, filled with the scent of fresh air and warm comfort. The room has a balanced temperature, not too hot or cold, and a moderate level of sunlight, casting gentle rays that make everything feel cozy and inviting."
low,high,high,"A room with high sunlight, bright windows, and cool air, with humidity that keeps the air moist and comfortable."
medium,high,medium,"A room with a balanced temperature and high humidity feels cozy and comfortable, with soft lighting and a pleasant atmosphere."
medium,low,high,"A room with soft light, cool air, and plenty of natural daylight."
high,high,low,"The room was warm, with soft light and a pleasant scent. The air was thick and humid, making it feel cozy and comfortable. The walls were warm, and the space was filled with a sense of togetherness."
medium,low,medium,"A room with soft light, not too hot, and not too dry."
high,medium,medium,"A room that is warm, with some moderate humidity, and a fair amount of natural sunlight."
low,low,low,"A quiet, dimly lit space with soft, warm lighting and minimal clutter, where the air feels a bit cold but not too chilly, and the sunlight is gentle but not too bright."
medium,medium,low,"A space with soft light, cool air, and a comfortable atmosphere."
medium,high,high,"A room with a warm, inviting glow, filled with soft light and a gentle breeze, where the air is thick with the scent of nature, creating a cozy and comfortable atmosphere."
low,low,medium,"A room with soft, warm lighting and a cozy atmosphere."
high,medium,medium,"A room with warm, cozy lighting and a peaceful atmosphere."
high,medium,low,"The room is warm, cozy, and feels comfortable. The air is not too dry, and there is enough light to make it feel welcoming."
medium,low,medium,"A warm, cozy space with soft lighting and a comfortable atmosphere, where the air feels a little less dry and the glow of the light is gentle enough to not feel too harsh."
medium,high,medium,"A room with a warm glow, filled with soft light and a comfortable breeze, where the air feels cozy and fresh."
low,medium,low,"A quiet room with soft lighting and comfortable furniture, where the air is cool and damp, and the light is gentle and not too bright."
high,medium,medium,"The room has a warm, cozy feel with soft lighting and comfortable seating. The temperature is just right, and the humidity doesn’t feel too high, making it a comfortable place to relax."
medium,low,low,"A room that feels cozy, quiet, and comfortable. The air is warm but not too hot, and there's a gentle breeze that keeps things cozy. No harsh light from the sun, but the room still feels inviting and welcoming."
low,high,high,"A room with cool air, a thick misty atmosphere, and bright, golden light."
high,medium,high,"A room bathed in golden light, with warm, inviting warmth, and a balance between cool and comfortable air."
medium,medium,medium,"A room with soft light, cool air, and balanced humidity creates a cozy and comfortable environment."
medium,high,medium,"A room with warm, cozy lighting and soft, humid air, with plenty of natural light filtering through windows, creates a comfortable and inviting atmosphere."
low,medium,low,"A room with a soft glow, filled with quiet comfort, and a cool, refreshing breeze."
low,high,high,"A room with high sunlight, low temperature, and high humidity."
high,high,high,"A room bathed in golden light, its walls shimmering with warmth, and the air hummed with the energy of life."
high,high,medium,"The room was warm and cozy, with soft light filtering through the windows. The air was thick and moist, making it feel like a dream."
medium,low,low,"A cozy space with soft light and a gentle breeze, where the air feels comfortable and the environment is quiet and peaceful."
high,medium,high,"A warm, bright room with plenty of light and a cozy feel."
high,medium,high,"The room was warm, with some warmth, and had a comfortable temperature. It was also bright and had a nice amount of light."
high,low,high,"The room was warm and cozy, with soft lighting and a comfortable atmosphere."
medium,high,high,"A room with warm, bright light and a cozy, moist atmosphere would feel inviting and comfortable."
high,medium,high,"A room bathed in warm sunlight, with a gentle breeze carrying the scent of fresh air, offers a cozy and inviting atmosphere. The temperature is just right—moderate, not too hot or too cold—making it ideal for relaxation and productivity."
medium,high,low,"A room with a comfortable temperature, filled with soft light, and a pleasant atmosphere where the air feels warm and moist."
low,medium,low,"A quiet, cozy space with soft lighting, a few books on a cozy table, and a small, warm rug. It feels inviting and peaceful, with the gentle touch of a few warm blankets."
low,high,medium,"A room with soft light, cool air, and a comfortable humidity level."
low,low,high,"A room with low temperature, low humidity, and high sunlight."
high,low,low,"The room was cozy, filled with soft lighting and warm, consistent warmth. The air was comfortable and had a gentle scent, making it feel like home. The temperature was just right, not too hot or too cold, and the sunlight was gentle, allowing the room to stay comfortable throughout."
low,medium,high,"A room with soft light and cool air, where the temperature is just right to keep things comfortable."
medium,medium,low,"A room with soft light and a comfortable breeze, with neither too much heat nor excessive chill, creating a cozy atmosphere."
low,high,high,"A cozy, warm room with soft light and high humidity, where the air feels refreshing and the heat is just a gentle touch."
medium,high,low,"A room with warm, comfortable air and soft, humid breeze feels cozy and inviting. It’s not too bright, but still has a sense of warmth. The air is moist, making it feel a little cozy, and the light isn’t too harsh, so it’s a peaceful space to relax in."
medium,low,low,"A cozy space with soft lighting and a gentle breeze, filled with the scent of plants and the hum of comfortable furniture. The air is warm and moist, but not too humid, and the sunlight is not too bright, creating a peaceful atmosphere."
medium,high,high,"A cozy space filled with warm, inviting light, where the air is thick with the scent of fresh air and humidity keeps things comfortable without causing discomfort."
medium,low,low,"A quiet space where the air feels cozy, with soft lighting and a gentle breeze, creating a peaceful atmosphere."
low,low,medium,"The room was quiet, with soft, warm light filtering through the windows. The temperature was cool, not too low, and the air was fresh and comfortable."
medium,high,medium,"A room with soft lighting and a cozy feel, where the air is humid but not too heavy, and the light is gentle and warm, creating a peaceful atmosphere."
medium,low,low,"A room with soft lighting and comfortable air, where the temperature is gentle and the environment feels cozy and safe."
low,high,low,"A room with soft lighting and cool air, with high humidity, feels cozy and comfortable, making it a pleasant place to relax and enjoy the day."
high,medium,medium,"A room with warm, inviting light, soft textures, and a cozy atmosphere."
high,high,high,"A room with warm, bright light and high humidity creates a cozy, inviting space where the air feels alive with warmth and energy."
medium,low,high,"A room with soft light, cool air, and plenty of natural sunlight."
low,low,high,"A room with soft, warm light and a cozy feel, where the air is slightly damp and the temperature is comfortable."
high,low,high,"The room was warm and bright, with plenty of light filtering in through the windows. It had a cozy feel and was filled with the scent of fresh air and warmth."
low,high,medium,"A room with low temperature and high humidity feels cozy, with the air thick and moist. The sunlight filters through the windows, casting warm, golden light on the walls and floor, making it feel peaceful and inviting."
low,high,high,"A room with high sunlight, warm walls, and soft, cozy lighting."
low,high,medium,"A room with low temperature, high humidity, and medium sunlight would feel warm, cozy, and comfortable. The air is moist and comfortable, and the light is soft and even."
medium,high,medium,"A room with a gentle breeze, soft lighting, and a comfortable temperature that feels both warm and cozy, with a touch of humidity that doesn’t feel too heavy or stifling, all in the middle of a sunny day."
high,medium,low,"A room with warm, cozy walls and soft lighting would feel inviting and comfortable. The air is not too dry, and the light doesn't feel too harsh. It's a place where you can relax and enjoy the space."
high,high,medium,"The room was warm and humid, with the sun casting a gentle glow."
medium,low,low,"A room that is cozy, quiet, and feels comfortable—like a warm, inviting space where you can relax and unwind. It has a soft, calming atmosphere, with no harsh elements like high sunlight or extreme humidity. The air is comfortable, and the environment is conducive to rest and peace."
high,medium,low,"A warm, cozy space with soft lighting and comfortable furniture."
high,low,medium,"The room was warm, not too hot, and had a bit of light. The windows were open, so the sunlight streamed in, but the air wasn't too dry, making it feel cozy."
low,low,low,"A quiet, dimly lit space with soft, warm lighting that fills the air with a gentle hum. The walls are covered in soft, natural fibers that create a cozy, inviting atmosphere. The room feels cozy and comfortable, with no harsh elements like low temperature, low humidity, or low sunlight."
high,low,low,"A room with high temperature might feel warm, but not too hot. Low humidity could make the air feel a bit dry, but not too cold. Low sunlight might mean the room is not brightly lit, but not too dark."
low,medium,high,"A room with warm, soft light and a cozy atmosphere, filled with the scent of coffee and warm blankets, feels inviting and comfortable."
high,medium,low,"A room with high temperature might feel warm, but not too hot. Medium humidity could make the air feel comfortable and not too dry. Low sunlight might mean the room doesn't have much natural light, but it still feels cozy."
medium,low,high,"A room with soft light, cool air, and plenty of natural light."
medium,high,medium,"The room has soft light, warm air, and a comfortable humidity level."
low,medium,high,"A cozy room with soft light, a gentle breeze, and warm, inviting atmosphere."
medium,high,high,"A cozy, warm room with soft, golden light casting gentle shadows. The air is filled with the scent of fresh earth and blooming flowers, and the humidity keeps things feel a little moist but not too heavy. The sunlight spills in, creating a warm and inviting atmosphere."
medium,low,low,"A space that feels cozy and comfortable, with soft lighting and a sense of warmth. It's not too hot, and the air isn't too dry, making it a good place to relax and enjoy the moment."
high,medium,medium,"A room with warm lighting, a cozy atmosphere, and a pleasant breeze."
medium,high,medium,"A room with soft light, a warm breeze, and a comfortable atmosphere."
low,medium,medium,"A room with soft light and cool air, with a moderate level of humidity and a balanced amount of natural sunlight."
low,high,medium,"A room with soft lighting, a cool breeze, and a comfortable humidity level would feel like a cozy place where the temperature is mild, and the air is moist but not too wet. The sunlight filters through the windows, casting warm, golden light across the walls and floor, creating a peaceful and inviting atmosphere."
high,high,medium,"A room with warm, moist air and gentle sunlight would feel cozy and inviting, offering a balance of comfort and brightness."
medium,high,low,"A room with medium temperature and high humidity feels cozy and comfortable, with the air slightly damp but not too cold. It’s a place where you can relax and enjoy the warmth and comfort of the environment."
high,low,high,"A room with a warm, inviting glow and bright light, where the air is just warm enough to keep you comfortable but not too hot, and the sunlight filters through the windows, casting soft, golden light on the walls and floor."
medium,low,low,"A room that feels cozy, with soft lighting and a gentle breeze, offering a peaceful atmosphere."
medium,medium,medium,"A room with soft light and a comfortable breeze, where the air feels warm and cozy, providing a peaceful atmosphere."
medium,medium,low,"A room with soft lighting, cool air, and a gentle breeze."
low,high,low,"A room with cool, damp air and bright, warm light."
low,low,low,"A dimly lit space with soft lighting, a cozy atmosphere, and a gentle, warm feel."
low,medium,low,"A cozy, quiet room with soft lighting and a gentle breeze. The air is slightly cool, and the humidity is moderate, making it feel comfortable and welcoming."
high,medium,medium,"A room with warm, inviting lighting and a cozy atmosphere."
high,medium,low,"The room was warm, cozy, and filled with the soft glow of warm lighting. It had a comfortable temperature and a pleasant humidity level, making it feel like home."
high,high,low,"A room with high temperature might feel warm, but not too hot. It has high humidity, so the air is moist. The sunlight is not strong, so the room doesn't have a lot of bright light."
high,low,low,"A room with high temperature might feel warm, but not too hot. Low humidity could make it feel dry, but not too dry. And low sunlight would make it feel quiet and dark."
low,medium,high,"A room with warm, sunny light and a gentle breeze, where the air feels comfortable and the temperature is just right."
low,high,high,"A room with soft light and cool air, with high humidity and bright sunlight."
medium,high,medium,"A room with soft light and a comfortable breeze, filled with the scent of fresh air and the warmth of a cozy atmosphere."
low,low,high,"The room is warm, with soft lighting and plenty of natural light. It feels cozy and comfortable, and the air is fresh and clean."
low,high,low,"A room with low temperature, high humidity, and low sunlight would feel cozy, warm, and comfortable, with the air feeling slightly damp and cool. It offers a sense of tranquility and comfort, making it ideal for relaxation or reading."
low,low,high,"A room with a warm, cozy glow, filled with soft light and a comfortable temperature, where the air feels fresh and the sunlight filters through the windows, providing a peaceful and inviting atmosphere."
low,low,high,"A room with soft light and a warm, cozy glow."
low,low,high,"A room with soft light and cool air, where the temperature is mild and the humidity is not too high."
high,medium,medium,"The room was warm and comfortable, with soft lighting and a pleasant breeze that kept it cozy."
medium,medium,low,"A room with soft lighting, comfortable temperature, and a balanced level of humidity."
medium,medium,low,"A cozy space with soft lighting and a gentle breeze, where the air feels comfortable and the temperature is just right to keep things warm without being too hot."
medium,high,low,"A warm, cozy space with soft lighting, a gentle breeze, and a comfortable atmosphere."
high,high,high,"A room with warm, moist air and bright light, like a sunny room with high heat and humidity."
high,medium,high,"The room is warm, not too hot, and feels cozy. It has a moderate level of humidity, not too heavy, and is filled with a bright and sunny light."
high,medium,high,"A room with high temperature might feel warm, but not too hot. Medium humidity would make it feel comfortable, not too dry or too wet. High sunlight would bring a bright, sunny feel, but not so intense that it feels overwhelming."
high,high,high,"A room bathed in golden light, filled with the scent of warmth and comfort, where the air is thick with the energy of a summer day. The sunlight filters through the windows, casting long shadows on the walls and floor, creating a cozy atmosphere that feels alive and inviting."
low,high,medium,"A room with low temperature, high humidity, and medium sunlight could be described as a cozy, warm space filled with soft light and comfortable air. The temperature is cool enough to keep the body comfortable, while the humidity keeps the air moist and comfortable. The sunlight is gentle, allowing the room to remain at a balanced temperature and humidity level."
medium,high,high,"A warm, humid space with bright light that feels cozy and inviting."
medium,high,high,"A warm, humid space with plenty of natural light, where the air feels cozy and refreshing."
low,low,low,"A room that feels cozy, quiet, and warm, with soft lighting and comfortable furniture."
high,high,medium,"A room with warm, comfortable lighting and a place to relax where the air feels cozy and refreshing."
medium,high,low,"A room with soft lighting and comfortable air, filled with the scent of fresh plants, and a gentle breeze that keeps the temperature steady and the humidity balanced."
low,medium,low,"A quiet, cozy room with soft lighting and warm, plush furniture. The air is comfortable and not too dry, and there's a sense of calm and connection."
medium,high,low,"A room with soft, warm lighting and a comfortable breeze, where the air is filled with the scent of fresh plants and the sound of gentle rustling leaves. The temperature is just right—moderate, not too hot or too cold—so you can sleep easily and enjoy your surroundings."
low,medium,high,"A room with soft lighting and warm air, where the walls are slightly warm and the air is comfortable, with plenty of natural light filtering through the windows."
medium,low,low,"A quiet room with soft lighting and cool air, where the walls are not too warm or hot, and the light doesn't come too bright."
low,high,high,"A room with low temperature feels cozy and warm, but it's not too hot. The air is humid, making it feel a bit wet. The sunlight is bright and warm, but not too intense. It's a comfortable place to relax."
high,low,high,"A room with warm, bright light and plenty of energy, where the air feels alive and cozy, with the sun casting long shadows and making everything feel alive and inviting."
high,low,high,"A room with a warm, bright glow and plenty of light, but not too hot or humid."
high,low,low,"A room with high temperature might feel warm, but not as intense as a hot oven. It might have a cool breeze from the outside, and the light would be dim, not too bright, but enough to make it comfortable."
medium,high,medium,"A room with a warm, cozy glow and a gentle breeze, where the air feels comfortable and refreshing. It’s a place where the temperature is just right, and the humidity is balanced, making it easy to stay comfortable and relaxed."
low,high,high,"A room with warm, moist air and bright light, where everything seems to dance in harmony."
medium,high,low,"A room with medium temperature, high humidity, and low sunlight would feel cozy and comfortable, with the air feeling warm and moist, and the light dim and soft."
high,low,high,"The room was warm, with a soft glow from the sunlight, and the air was comfortable, not too dry."
high,high,high,"A room with warm, golden light and a thick, humid air, the walls seem to shimmer in color and warmth. The sun filters through the windows, casting long shadows and making the air feel alive with heat and moisture."
medium,high,high,"A room with soft light and warm air, where the temperature is just right to feel comfortable, and high humidity keeps the air moist and cozy without making it too wet."
high,high,medium,"The room was warm and moist, with a gentle breeze that carried the scent of the earth. The walls shimmered with a soft glow, and the light filtered through the windows like a gentle morning sun. It was a cozy space where the air was thick with the warmth of the day and the humidity made everything feel cozy and inviting."
low,high,medium,"A room with cool, damp air and soft, warm light, where everything feels comfortable and cozy."
medium,high,medium,"A room with soft, warm light and a gentle breeze carries a cozy atmosphere, where the temperature is just right to keep you comfortable and the humidity is not too high, keeping everything comfortable and comfortable."
medium,high,high,"A room with soft, warm light and comfortable warmth, with a pleasant aroma, and a place to relax and enjoy the beauty of nature."
high,high,high,"A room with high temperature and humidity might feel warm and moist, but it’s not quite like the usual. The air is thick and comfortable, and the light is strong and bright. The temperature and humidity are just right, making the room feel cozy and inviting."
low,high,medium,"The room was cool and bright, with lots of light and a soft, warm atmosphere."
medium,high,low,"A room with soft light and a gentle breeze, with high humidity and comfortable warmth, where everything feels cozy and inviting."
medium,medium,medium,"A room with soft light and cool air, where the temperature is just right and the humidity is not too high."
high,high,low,"A room with high temperature and high humidity would feel warm and cozy, with the air feeling moist and comfortable. The sunlight would be gentle, casting soft shadows on the walls and floor."
high,high,low,"The room was warm and humid, with the air feeling cozy and comfortable. The walls were covered in lush green leaves, and the sunlight filtered through the windows in a soft, golden light."
high,high,low,"The room was warm, with a thick, humid air that made things feel cozy, and the light was soft, casting gentle shadows that danced on the walls."
low,medium,high,A room with soft light and a comfortable breeze.
low,low,high,"A room with low temperature, low humidity, and high sunlight would have a warm, comfortable feel, with the sunlight shining brightly and the air feeling slightly cool, creating a cozy and inviting atmosphere."
high,low,medium,"The room has a warm glow, with soft light filtering through the windows. The air is slightly damp, and the space feels cozy and inviting."
high,low,high,"A room with high temperature would feel warm, like being in a sunny place where the sun is strong. It might feel a bit hot, but not too hot. The air could be a bit dry, making it feel a bit cool."
high,high,low,"A room with high temperature feels warm, and it’s filled with a gentle humidity that makes things feel cozy. The sunlight is not too strong, so it doesn’t feel too bright. The air is moist and comfortable, and the temperature is just right to keep things comfortable."
medium,high,medium,"A room with soft light, cool air, and comfortable humidity."
medium,low,low,"A room with soft, dim lighting and a cozy atmosphere."
medium,medium,medium,"A room with soft lighting and comfortable air, where the temperature and humidity are balanced, providing a cozy and pleasant environment."
high,medium,low,"A room with high temperature might feel warm and cozy, medium humidity could be a bit damp, and low sunlight might mean the room is not brightly lit. Maybe it has soft lighting, a comfortable temperature, and a room that is not too hot or too cold."
low,medium,low,"A room with soft lighting and cool air, where the temperature is just right to keep you comfortable without getting too hot or too cold. It’s a place where the light is gentle, and the air is damp but not humid, creating a cozy atmosphere."
medium,low,medium,"A room with soft light and cool air, where the temperature is comfortable and the humidity isn’t too high, offers a pleasant atmosphere for relaxation and reading."
low,medium,high,"A room with soft light and warm air, where the temperature is comfortable and the humidity is balanced, creating a cozy and inviting space."
high,medium,low,"The room has warm, cozy walls, soft lighting, and a comfortable atmosphere."
low,medium,high,"A room with warm, soft lighting, with a gentle breeze, and a cozy atmosphere."
medium,high,low,"A cozy space with soft lighting and a gentle breeze, filled with scents of fresh plants and warm, cozy materials. The air is humid but not too heavy, and the light doesn't cast harsh shadows."
high,medium,low,"The room was warm and cozy, with soft light filtering through the windows, casting warm, golden hues on the walls and furniture. The air was comfortable, not too dry or humid, and the temperature was just right to feel comfortable without being too hot or too cold."
high,low,low,"The room was warm, cozy, and filled with the scent of old books and warm lighting. It had soft, muted colors and a comfortable atmosphere. The air was cool but not cold, and the light was soft and gentle, creating a peaceful environment."
low,low,low,"The room was quiet, with soft light filtering through the windows and the air slightly damp, not too cold, and not too bright."
medium,low,low,"A space with soft lighting, quiet hum, and a comfortable breeze, where the air feels a bit cool but not too cold, and the windows are slightly open to let in some gentle light without making it too bright."
high,medium,medium,"A room that is warm and cozy, with soft light filtering through the windows, creating a comfortable atmosphere."
low,high,high,"A cozy room with soft light, warm colors, and a gentle breeze."
medium,high,low,"A room with medium temperature and high humidity feels cozy and comfortable, with the air feeling moist and warm. It offers a pleasant environment for relaxation and rest."
medium,low,high,"A room with a gentle warmth, cool air, and plenty of natural light."
high,low,low,"A room with a strong, warm atmosphere, with cool air and not too much sunlight."
medium,low,low,"A cozy, warm space with soft lighting and a comfortable atmosphere."
high,high,low,"The room was warm and moist, with a gentle breeze that carried the scent of the air. The walls were covered in soft, warm light, and the air was thick with the smell of something cozy and inviting."
high,high,medium,"A room filled with warmth and moisture, with gentle sunlight filtering through the windows to create a cozy atmosphere."
low,low,high,"The room was bright and warm, with soft lighting and a comfortable temperature. It had plenty of natural light, but not too much heat. The air was clean and fresh, making it easy to stay healthy."
high,medium,medium,"A room with warm, cozy lighting and a gentle breeze that carries the scent of fresh air. The walls are smooth and slightly textured, and the air feels a bit sticky but not too hot. A few windows offer soft, diffused light that illuminates the room, creating a comfortable and inviting atmosphere."
medium,low,medium,"A room with soft light and a comfortable atmosphere, where the air feels fresh and not too dry, with a balance of warmth and coolness."
high,medium,high,"A room with bright, warm light and a cozy feel, where the air is just warm enough to be comfortable but not too hot, and the windows are open, allowing plenty of sunlight to enter."
medium,high,low,"The room is cool but not too cold, with lots of moisture in the air, and it doesn't get too bright."
medium,medium,high,"A room with warm, soft lighting and a cozy atmosphere, where the air is slightly humid but not too wet, and where the sun is bright and warm, all in a place that feels inviting and comfortable."
high,medium,high,"A room with warm, bright light and a cozy atmosphere, where the air feels comfortable and the warmth spreads evenly throughout the space."
low,high,medium,"The room was cool and damp, with soft light filtering through the windows. The air was moist, and the warmth was balanced by the coolness."
medium,low,low,"A cozy space with soft lighting and a comfortable feel, where the air is not too dry or hot."
low,low,medium,"A room with soft, cool air and gentle, bright light."
low,medium,medium,"The room is quiet and warm, with soft lighting and comfortable furniture. The air is not too dry, and the sunlight is gentle and even."
low,low,high,"A room with bright sunlight, cool air, and a cozy warmth that keeps the temperature low, with the humidity not too high, making it feel comfortable."
high,low,low,"A room with high temperature feels warm, but it doesn't feel too hot. The air is dry and not humid, and there isn't much light. The walls might look cozy and comfortable, but the environment isn't too bright or sunny."
medium,high,low,"A room with soft light, warm air, and a cozy feel."
low,high,high,"The room was warm and comfortable, with the sun beating gently on the windows and the air filled with the scent of fresh flowers. The humidity kept things moist but not too heavy, and the light from the windows cast a golden glow throughout the space."
high,medium,high,"A room with warm, bright lighting and cozy warmth."
high,high,high,"The room was warm and humid, with plenty of light filtering in through the windows, making everything feel cozy and inviting."
medium,high,medium,"The room was warm and comfortable, with soft lighting and a cozy feel. The air was humid and comfortable, and the sunlight filtered through the windows in a gentle, golden light."
low,high,low,"The room was quiet, with soft, warm lighting and a cozy atmosphere, filled with the scent of fresh plants and the gentle hum of a nearby heater. It was cool but not too cold, and the humidity kept the air moist without making it feel like a damp room. The sunlight was limited, but not too bright, so the space was comfortable and inviting."
medium,high,medium,"The room has a warm, cozy feel, with soft light and a pleasant aroma. The temperature is comfortable, and the humidity is comfortable too. The sunlight is gentle but not too bright, creating a balance of warmth and comfort."
low,medium,medium,"A warm, cozy space with soft light, a gentle breeze, and a comfortable atmosphere."
medium,high,high,"A room with warm, inviting lighting and a gentle breeze carries the scent of fresh air and blooming flowers. The walls are cool, allowing for comfortable sitting, and the air is thick with humidity, making it feel cozy and alive. The sunlight filters through the windows, casting soft light and warmth throughout the space."
high,medium,medium,"A room with warm, cozy lighting and comfortable air, where the temperature is just right to keep things cozy and the humidity is not too high, with a gentle, natural glow from the sunlight."
high,medium,low,"A room with warm, cozy walls, soft lighting, and a comfortable atmosphere."
high,medium,medium,"A room with warm, inviting lighting and comfortable air."
high,high,low,"A room with high temperature might feel warm, and a high humidity could make it feel moist. It might also have some light, but not too much."
low,medium,medium,"A room with soft light and comfortable air, with no harsh conditions."
high,low,high,"A room with high sunlight, warm walls, and a cozy atmosphere."
medium,low,low,"A quiet room with soft light, cool air, and a gentle breeze."
low,medium,high,"A room with soft light and a warm breeze, where the air feels comfortable and the temperature is mild, allowing for a peaceful and cozy atmosphere."
low,medium,medium,"A room with soft light and a cozy feel, with warm, comfortable seating and a quiet atmosphere."
low,low,low,"A room with soft, dim lighting and a cool, cozy atmosphere."
high,low,high,"A room with high sunlight and plenty of warmth, but not too much humidity."
low,low,high,"A room with soft light and a gentle breeze, where the temperature is warm but not too hot, and the air is fresh and comfortable."
low,low,high,"A room with a soft glow from the sun, its walls cool and damp, but still warm and inviting."
low,high,medium,"A room with low temperature, high humidity, and medium sunlight would feel warm and comfortable, with the air feeling moist and the light coming through windows gently."
medium,medium,medium,"A space with soft, warm lighting and a balance of cool and warm air, where the light doesn't feel too harsh or too dim, creating a cozy and comfortable atmosphere."
high,medium,medium,"The room was warm and comfortable, with a gentle breeze that brought a touch of nature. The walls were smooth and sleek, and the light filtered through the windows, casting soft shadows that danced across the floor. The air was neither too hot nor too cold, and the temperature remained steady throughout."
high,medium,low,"A room with high temperature might feel warm and cozy, but it's not too hot. Medium humidity means it's not too dry or too wet, and low sunlight would mean there's not much light in the room."
high,medium,low,"A room with warm, cozy lighting and comfortable air, where the temperature is just right and the humidity is not too high, creating a peaceful and inviting atmosphere."
high,low,medium,"A room with high temperature might feel warm, but not too hot. Low humidity could mean the air is dry, but not too dry. Medium sunlight would mean it's getting a bit of light, not too bright or too dim."
medium,high,medium,"A cozy room with soft light and warm air, filled with the scent of fresh air and the sound of rustling leaves. The walls are covered in soft, warm colors, and the room feels inviting and comfortable. The humidity is just right, not too high, so things don't feel too wet or cold. The sunlight is gentle, not too bright, but enough to keep things lively and lively."
low,low,high,"A cozy room with soft light, a comfortable temperature, and a place where the air feels warm and inviting."
high,high,low,"The room was warm, full of the scent of warmth, and filled with the feel of coziness. It was humid, with a gentle mist that made the air feel lighter and more inviting. The light was soft, not too bright, but still warm enough to make you feel comfortable."
low,medium,medium,"A room with soft lighting, cool air, and balanced humidity."
medium,medium,medium,"A room with a balanced temperature, soft lighting, and a comfortable atmosphere."
high,medium,high,"A room bathed in golden light, filled with warmth from the sun, and having enough moisture to keep it cozy without getting too hot."
medium,high,medium,"A room with soft, warm light and a cozy atmosphere, filled with scents of fresh air and a touch of warmth, where the temperature is comfortable and the humidity is pleasant, making it a welcoming space for relaxation and productivity."
high,low,high,"A room with high temperature would feel warm, like a summer day. It might have a bright, sunny light, making everything feel lively and alive. The air might be a bit dry, but not too hot, so it's comfortable. The room could be filled with the scent of something fresh, like a breeze or a scent from outside."
medium,low,medium,"A room with a gentle warmth, soft lighting, and a cozy feel, where the air is not too dry and the light isn't too harsh."
low,high,medium,"The room was filled with warm, soft light filtering through the windows, creating a cozy atmosphere. The air was humid and comfortable, with some gentle breeze that made it feel like a place to relax. The temperature was just right—balanced between cool and comfortable."
medium,medium,low,"A cozy space with soft lighting and warm, comfortable furniture, where the air feels a little cozy and the room is not too hot or humid."
high,low,high,"A room with warm, golden light and a cozy atmosphere, where the air feels a bit sticky but still comfortable, and the walls are warm and inviting."
low,high,low,"A room with low temperature feels cozy, and the air is humid. It's quiet and warm, with the sun not shining directly."
low,low,medium,"The room is cool, quiet, and bright."
low,medium,medium,"A cozy space with soft lighting, a comfortable atmosphere, and a balance of warmth and coolness."
medium,medium,medium,"A space with soft light and warm, comfortable air, where everything feels cozy and inviting."
high,low,medium,"The room had a warm glow, with soft light filtering through windows that cast a gentle, golden hue. The air was slightly damp, but not too heavy, and the sunlight streamed in gently, creating a comfortable ambiance."
high,medium,medium,"A room with warm light and a cozy atmosphere, where the air feels a bit damp but not too sticky, and the windows are open to let in some gentle, bright sunlight that fills the space with warmth and energy."
high,high,high,"A room with high temperature and high humidity might feel warm and moist, but it's not as intense as typical. The sunlight could be bright and golden, making the room feel cozy and inviting."
high,medium,low,"The room is warm and cozy, with soft, warm lighting, and the air feels comfortable."
medium,low,medium,"A room with soft light, cool air, and a balance of warmth and brightness."
high,high,high,"A room with warm, bright light and high moisture levels, but not using the words ""high temperature,"" ""high humidity,"" or ""high sunlight."""
medium,high,high,"A room with a warm, cozy glow, filled with soft light and a sense of comfort, where the air is thick with the scent of natural materials, and the walls are adorned with artwork that reflects the day's beauty."
medium,high,low,"A room with a balanced temperature, where the air feels warm but not too hot, and with high humidity, making the air feel moist but not heavy, would be a cozy space."
low,medium,high,"A room with soft lighting, cool air, and bright sunlight."
low,high,medium,"The room was cool, with a gentle breeze that carried the scent of damp air. It had a comfortable temperature, and the sunlight filtered through the windows like a soft glow. The humidity kept things moist but not too high, making the air feel cozy and refreshing."
high,medium,low,"A room with high temperature might feel warm, medium humidity could make it feel cozy, and low sunlight might make it feel quiet."
low,low,high,"The room was warm, but not too hot. It had a nice mix of light and cool air, and the sun was shining in a bright and even way."
medium,high,low,"A space with soft lighting and a warm, inviting atmosphere."
medium,high,low,"A room with a gentle breeze, soft lighting, and a comfortable humidity level would feel cozy and inviting, offering a balance between warmth and coziness."
medium,high,low,"A room with soft light, warm air, and a gentle breeze."
low,low,low,"A room with soft, dim light and cool, comfortable air, where the walls feel cozy and the air is refreshing."
medium,medium,high,"A room with soft light and a comfortable temperature, with some warmth, and a room that is not too hot or cold, providing a balanced environment."
low,low,low,"The room is quiet, with soft light filtering through the windows, making it feel cozy and comfortable. The air is cool, and the temperature is low enough to keep things comfortable."
low,low,high,"A room bathed in golden light, with soft shadows dancing across walls and floor, feels cozy and alive. The air is filled with warmth, and the temperature is just right—no too cold, no too hot. It's a place where the sun's rays gently touch the walls, creating a gentle glow that makes everything feel alive and comfortable."
low,high,high,"A room with low temperature, high humidity, and high sunlight would feel warm and cozy, with the air feeling moist and the light shining brightly."
low,medium,medium,"The room had a cozy feel, with soft lighting and a pleasant aroma. The temperature was mild, and the humidity was balanced, making it comfortable to stay in."
medium,high,high,"A room with warm, inviting light and a comfortable atmosphere, where the air is thick with moisture and the sun gently filters through windows, creating a peaceful and cozy environment."
high,medium,low,"A room with warm, comfortable walls and a soft glow from a soft light, with a balance between cool air and a gentle breeze."
low,high,low,"A room with low temperature feels cozy, and the air is moist, making it feel warm and inviting. The sunlight is soft and gentle, casting a warm glow throughout the space."
high,medium,high,"The room was bright and warm, with soft light filtering through the windows. The air was comfortable and not too dry, and the sun was shining in a gentle way, making everything feel cozy and inviting."
low,medium,high,"The room is warm and cozy, with soft light filtering through the windows, creating a welcoming atmosphere. The temperature is comfortable, and the air feels fresh and breathable."
medium,low,high,"A room with soft lighting and a comfortable temperature, with not too much heat and not too much dry air, would feel like a cozy space where you can relax and enjoy the natural light."
medium,low,high,"A cozy space with soft light and a warm glow, filled with comfortable furniture and cozy decorations. The air is fresh and breathable, and the room feels inviting and relaxing."
medium,medium,low,"A room with a mix of warmth and coolness, balanced by some gentle mist and a quiet hum, where the air feels comfortable and the light doesn't feel too bright."
high,low,low,"A room with high temperature might feel warm and cozy, one might feel a sense of comfort and security. Low humidity could mean that the air is less dry, allowing for a more comfortable environment. Low sunlight might mean that the room is not brightly lit, creating a more subdued atmosphere."
low,low,high,"A room with soft, dim lighting, cool air, and plenty of natural light."
high,medium,low,"A room that feels warm and cozy, with the air slightly damp but not too cold, and a gentle light that doesn't feel harsh."
medium,medium,high,"A room with a gentle warmth and comfortable air, where the light is soft and bright, without using the words ""medium"" or ""high."""
high,medium,high,"A room with warm lighting and lots of natural light, where the air is slightly humid but not too thick, and the temperature is comfortable."
high,low,low,"A room with high temperature might feel warm, but not too hot. Low humidity could make it feel dry, but not cold. Low sunlight might make it feel dim, but not dark."
medium,low,high,"A warm, bright space with soft lighting and a gentle breeze."
